word_key,micro_skill_key,micro_skill_role,difficulty_band,evidence_weight,display_order,source_category,source_name,source_url,source_licence,source_use_note,confidence,review_status,drop_reason
aloud_en_gb,D4_HOM_CONTENT_WORD_HOMOPHONES_COMMON_VERB_NOUN_PAIRS,diagnostic,medium,0.5,3004,internal_reviewed_seed,Common misspellings seed v1,docs/implementation/seed-data/common_misspellings_seed_v1.csv,,"Repo-owned curated misspelling examples; candidate evidence only, not learner evidence, resolver truth, or final teaching truth. Aggregates 1 misspelling seed row(s), including: allowed.",medium,in_review,Role 'diagnostic' is outside simplified Teaching Dictionary ownership.
passed_en_gb,D4_HOM_CONTENT_WORD_HOMOPHONES_COMMON_VERB_NOUN_PAIRS,diagnostic,medium,0.5,3100,internal_reviewed_seed,Common misspellings seed v1,docs/implementation/seed-data/common_misspellings_seed_v1.csv,,"Repo-owned curated misspelling examples; candidate evidence only, not learner evidence, resolver truth, or final teaching truth. Aggregates 1 misspelling seed row(s), including: past.",medium,in_review,Role 'diagnostic' is outside simplified Teaching Dictionary ownership.
piece_en_gb,D4_HOM_CONTENT_WORD_HOMOPHONES_PEACE_PIECE,diagnostic,medium,0.5,3106,internal_reviewed_seed,Common misspellings seed v1,docs/implementation/seed-data/common_misspellings_seed_v1.csv,,"Repo-owned curated misspelling examples; candidate evidence only, not learner evidence, resolver truth, or final teaching truth. Aggregates 1 misspelling seed row(s), including: peace.",medium,in_review,Role 'diagnostic' is outside simplified Teaching Dictionary ownership.
write_en_gb,D4_HOM_CONTENT_WORD_HOMOPHONES_RIGHT_WRITE,diagnostic,medium,0.5,3169,internal_reviewed_seed,Common misspellings seed v1,docs/implementation/seed-data/common_misspellings_seed_v1.csv,,"Repo-owned curated misspelling examples; candidate evidence only, not learner evidence, resolver truth, or final teaching truth. Aggregates 1 misspelling seed row(s), including: right.",medium,in_review,Role 'diagnostic' is outside simplified Teaching Dictionary ownership.
it_s_en_gb,D4_HOM_CONTRACTION_POSSESSIVE_ITS_ITS,diagnostic,medium,0.5,3075,internal_reviewed_seed,Common misspellings seed v1,docs/implementation/seed-data/common_misspellings_seed_v1.csv,,"Repo-owned curated misspelling examples; candidate evidence only, not learner evidence, resolver truth, or final teaching truth. Aggregates 1 misspelling seed row(s), including: its.",medium,in_review,Role 'diagnostic' is outside simplified Teaching Dictionary ownership.
whose_en_gb,D4_HOM_CONTRACTION_POSSESSIVE_WHOS_WHOSE,diagnostic,medium,0.5,3161,internal_reviewed_seed,Common misspellings seed v1,docs/implementation/seed-data/common_misspellings_seed_v1.csv,,"Repo-owned curated misspelling examples; candidate evidence only, not learner evidence, resolver truth, or final teaching truth. Aggregates 1 misspelling seed row(s), including: whos.",medium,in_review,Role 'diagnostic' is outside simplified Teaching Dictionary ownership.
your_en_gb,D4_HOM_CONTRACTION_POSSESSIVE_YOUR_YOURE,diagnostic,medium,0.5,3172,internal_reviewed_seed,Common misspellings seed v1,docs/implementation/seed-data/common_misspellings_seed_v1.csv,,"Repo-owned curated misspelling examples; candidate evidence only, not learner evidence, resolver truth, or final teaching truth. Aggregates 1 misspelling seed row(s), including: youre.",medium,in_review,Role 'diagnostic' is outside simplified Teaching Dictionary ownership.
you_re_en_gb,D4_HOM_CONTRACTION_POSSESSIVE_YOUR_YOURE,diagnostic,medium,0.5,3173,internal_reviewed_seed,Common misspellings seed v1,docs/implementation/seed-data/common_misspellings_seed_v1.csv,,"Repo-owned curated misspelling examples; candidate evidence only, not learner evidence, resolver truth, or final teaching truth. Aggregates 1 misspelling seed row(s), including: your.",medium,in_review,Role 'diagnostic' is outside simplified Teaching Dictionary ownership.
their_en_gb,D4_HOM_FUNCTION_WORD_HOMOPHONES_THERE_THEIR_THEYRE,diagnostic,medium,0.5,3141,internal_reviewed_seed,Common misspellings seed v1,docs/implementation/seed-data/common_misspellings_seed_v1.csv,,"Repo-owned curated misspelling examples; candidate evidence only, not learner evidence, resolver truth, or final teaching truth. Aggregates 1 misspelling seed row(s), including: there.",medium,in_review,Role 'diagnostic' is outside simplified Teaching Dictionary ownership.
there_en_gb,D4_HOM_FUNCTION_WORD_HOMOPHONES_THERE_THEIR_THEYRE,diagnostic,medium,0.5,3142,internal_reviewed_seed,Common misspellings seed v1,docs/implementation/seed-data/common_misspellings_seed_v1.csv,,"Repo-owned curated misspelling examples; candidate evidence only, not learner evidence, resolver truth, or final teaching truth. Aggregates 1 misspelling seed row(s), including: their.",medium,in_review,Role 'diagnostic' is outside simplified Teaching Dictionary ownership.
they_re_en_gb,D4_HOM_FUNCTION_WORD_HOMOPHONES_THERE_THEIR_THEYRE,diagnostic,medium,0.5,3143,internal_reviewed_seed,Common misspellings seed v1,docs/implementation/seed-data/common_misspellings_seed_v1.csv,,"Repo-owned curated misspelling examples; candidate evidence only, not learner evidence, resolver truth, or final teaching truth. Aggregates 1 misspelling seed row(s), including: theyre.",medium,in_review,Role 'diagnostic' is outside simplified Teaching Dictionary ownership.
to_en_gb,D4_HOM_FUNCTION_WORD_HOMOPHONES_TO_TOO_TWO,diagnostic,medium,0.5,3146,internal_reviewed_seed,Common misspellings seed v1,docs/implementation/seed-data/common_misspellings_seed_v1.csv,,"Repo-owned curated misspelling examples; candidate evidence only, not learner evidence, resolver truth, or final teaching truth. Aggregates 1 misspelling seed row(s), including: too.",medium,in_review,Role 'diagnostic' is outside simplified Teaching Dictionary ownership.
too_en_gb,D4_HOM_FUNCTION_WORD_HOMOPHONES_TO_TOO_TWO,diagnostic,medium,0.5,3147,internal_reviewed_seed,Common misspellings seed v1,docs/implementation/seed-data/common_misspellings_seed_v1.csv,,"Repo-owned curated misspelling examples; candidate evidence only, not learner evidence, resolver truth, or final teaching truth. Aggregates 1 misspelling seed row(s), including: to.",medium,in_review,Role 'diagnostic' is outside simplified Teaching Dictionary ownership.
were_en_gb,D4_HOM_FUNCTION_WORD_HOMOPHONES_WERE_WHERE_WEAR,diagnostic,medium,0.5,3159,internal_reviewed_seed,Common misspellings seed v1,docs/implementation/seed-data/common_misspellings_seed_v1.csv,,"Repo-owned curated misspelling examples; candidate evidence only, not learner evidence, resolver truth, or final teaching truth. Aggregates 1 misspelling seed row(s), including: where.",medium,in_review,Role 'diagnostic' is outside simplified Teaching Dictionary ownership.
where_en_gb,D4_HOM_FUNCTION_WORD_HOMOPHONES_WERE_WHERE_WEAR,diagnostic,medium,0.5,3160,internal_reviewed_seed,Common misspellings seed v1,docs/implementation/seed-data/common_misspellings_seed_v1.csv,,"Repo-owned curated misspelling examples; candidate evidence only, not learner evidence, resolver truth, or final teaching truth. Aggregates 1 misspelling seed row(s), including: wear.",medium,in_review,Role 'diagnostic' is outside simplified Teaching Dictionary ownership.
running_en_gb,D4_INF_ING_ENDINGS_DOUBLE_FINAL_CONSONANT,diagnostic,medium,0.5,3121,internal_reviewed_seed,Common misspellings seed v1,docs/implementation/seed-data/common_misspellings_seed_v1.csv,,"Repo-owned curated misspelling examples; candidate evidence only, not learner evidence, resolver truth, or final teaching truth. Aggregates 1 misspelling seed row(s), including: runing.",medium,in_review,Role 'diagnostic' is outside simplified Teaching Dictionary ownership.
stopping_en_gb,D4_INF_ING_ENDINGS_DOUBLE_FINAL_CONSONANT,diagnostic,medium,0.5,3137,internal_reviewed_seed,Common misspellings seed v1,docs/implementation/seed-data/common_misspellings_seed_v1.csv,,"Repo-owned curated misspelling examples; candidate evidence only, not learner evidence, resolver truth, or final teaching truth. Aggregates 1 misspelling seed row(s), including: stoping.",medium,in_review,Role 'diagnostic' is outside simplified Teaching Dictionary ownership.
making_en_gb,D4_INF_ING_ENDINGS_DROP_E,diagnostic,medium,0.5,3091,internal_reviewed_seed,Common misspellings seed v1,docs/implementation/seed-data/common_misspellings_seed_v1.csv,,"Repo-owned curated misspelling examples; candidate evidence only, not learner evidence, resolver truth, or final teaching truth. Aggregates 1 misspelling seed row(s), including: makeing.",medium,in_review,Role 'diagnostic' is outside simplified Teaching Dictionary ownership.
writing_en_gb,D4_INF_ING_ENDINGS_DROP_E,diagnostic,medium,0.5,3170,internal_reviewed_seed,Common misspellings seed v1,docs/implementation/seed-data/common_misspellings_seed_v1.csv,,"Repo-owned curated misspelling examples; candidate evidence only, not learner evidence, resolver truth, or final teaching truth. Aggregates 1 misspelling seed row(s), including: writeing.",medium,in_review,Role 'diagnostic' is outside simplified Teaching Dictionary ownership.
dying_en_gb,D4_INF_ING_ENDINGS_IE_TO_Y,diagnostic,medium,0.5,3045,internal_reviewed_seed,Common misspellings seed v1,docs/implementation/seed-data/common_misspellings_seed_v1.csv,,"Repo-owned curated misspelling examples; candidate evidence only, not learner evidence, resolver truth, or final teaching truth. Aggregates 1 misspelling seed row(s), including: dieing.",medium,in_review,Role 'diagnostic' is outside simplified Teaching Dictionary ownership.
lying_en_gb,D4_INF_ING_ENDINGS_IE_TO_Y,diagnostic,medium,0.5,3088,internal_reviewed_seed,Common misspellings seed v1,docs/implementation/seed-data/common_misspellings_seed_v1.csv,,"Repo-owned curated misspelling examples; candidate evidence only, not learner evidence, resolver truth, or final teaching truth. Aggregates 1 misspelling seed row(s), including: lieing.",medium,in_review,Role 'diagnostic' is outside simplified Teaching Dictionary ownership.
planned_en_gb,D4_INF_PAST_TENSE_ED_DOUBLE_FINAL_CONSONANT,diagnostic,medium,0.5,3107,internal_reviewed_seed,Common misspellings seed v1,docs/implementation/seed-data/common_misspellings_seed_v1.csv,,"Repo-owned curated misspelling examples; candidate evidence only, not learner evidence, resolver truth, or final teaching truth. Aggregates 1 misspelling seed row(s), including: planed.",medium,in_review,Role 'diagnostic' is outside simplified Teaching Dictionary ownership.
stopped_en_gb,D4_INF_PAST_TENSE_ED_DOUBLE_FINAL_CONSONANT,diagnostic,medium,0.5,3136,internal_reviewed_seed,Common misspellings seed v1,docs/implementation/seed-data/common_misspellings_seed_v1.csv,,"Repo-owned curated misspelling examples; candidate evidence only, not learner evidence, resolver truth, or final teaching truth. Aggregates 1 misspelling seed row(s), including: stoped.",medium,in_review,Role 'diagnostic' is outside simplified Teaching Dictionary ownership.
hoped_en_gb,D4_INF_PAST_TENSE_ED_DROP_E,diagnostic,medium,0.5,3071,internal_reviewed_seed,Common misspellings seed v1,docs/implementation/seed-data/common_misspellings_seed_v1.csv,,"Repo-owned curated misspelling examples; candidate evidence only, not learner evidence, resolver truth, or final teaching truth. Aggregates 1 misspelling seed row(s), including: hopeed.",medium,in_review,Role 'diagnostic' is outside simplified Teaching Dictionary ownership.
smiled_en_gb,D4_INF_PAST_TENSE_ED_DROP_E,diagnostic,medium,0.5,3129,internal_reviewed_seed,Common misspellings seed v1,docs/implementation/seed-data/common_misspellings_seed_v1.csv,,"Repo-owned curated misspelling examples; candidate evidence only, not learner evidence, resolver truth, or final teaching truth. Aggregates 1 misspelling seed row(s), including: smileed.",medium,in_review,Role 'diagnostic' is outside simplified Teaching Dictionary ownership.
copied_en_gb,D4_INF_PAST_TENSE_ED_Y_TO_I,diagnostic,medium,0.5,3030,internal_reviewed_seed,Common misspellings seed v1,docs/implementation/seed-data/common_misspellings_seed_v1.csv,,"Repo-owned curated misspelling examples; candidate evidence only, not learner evidence, resolver truth, or final teaching truth. Aggregates 1 misspelling seed row(s), including: copyed.",medium,in_review,Role 'diagnostic' is outside simplified Teaching Dictionary ownership.
cried_en_gb,D4_INF_PAST_TENSE_ED_Y_TO_I,diagnostic,medium,0.5,3034,internal_reviewed_seed,Common misspellings seed v1,docs/implementation/seed-data/common_misspellings_seed_v1.csv,,"Repo-owned curated misspelling examples; candidate evidence only, not learner evidence, resolver truth, or final teaching truth. Aggregates 1 misspelling seed row(s), including: cryed.",medium,in_review,Role 'diagnostic' is outside simplified Teaching Dictionary ownership.
tried_en_gb,D4_INF_PAST_TENSE_ED_Y_TO_I,diagnostic,medium,0.5,3149,internal_reviewed_seed,Common misspellings seed v1,docs/implementation/seed-data/common_misspellings_seed_v1.csv,,"Repo-owned curated misspelling examples; candidate evidence only, not learner evidence, resolver truth, or final teaching truth. Aggregates 1 misspelling seed row(s), including: tryed.",medium,in_review,Role 'diagnostic' is outside simplified Teaching Dictionary ownership.
boxes_en_gb,D4_INF_PLURALS_ES,diagnostic,medium,0.5,3012,internal_reviewed_seed,Common misspellings seed v1,docs/implementation/seed-data/common_misspellings_seed_v1.csv,,"Repo-owned curated misspelling examples; candidate evidence only, not learner evidence, resolver truth, or final teaching truth. Aggregates 1 misspelling seed row(s), including: boxs.",medium,in_review,Role 'diagnostic' is outside simplified Teaching Dictionary ownership.
wishes_en_gb,D4_INF_PLURALS_ES,diagnostic,medium,0.5,3162,internal_reviewed_seed,Common misspellings seed v1,docs/implementation/seed-data/common_misspellings_seed_v1.csv,,"Repo-owned curated misspelling examples; candidate evidence only, not learner evidence, resolver truth, or final teaching truth. Aggregates 1 misspelling seed row(s), including: wishs.",medium,in_review,Role 'diagnostic' is outside simplified Teaching Dictionary ownership.
babies_en_gb,D4_INF_PLURALS_IES,diagnostic,medium,0.5,3007,internal_reviewed_seed,Common misspellings seed v1,docs/implementation/seed-data/common_misspellings_seed_v1.csv,,"Repo-owned curated misspelling examples; candidate evidence only, not learner evidence, resolver truth, or final teaching truth. Aggregates 1 misspelling seed row(s), including: babys.",medium,in_review,Role 'diagnostic' is outside simplified Teaching Dictionary ownership.
cities_en_gb,D4_INF_PLURALS_IES,diagnostic,medium,0.5,3025,internal_reviewed_seed,Common misspellings seed v1,docs/implementation/seed-data/common_misspellings_seed_v1.csv,,"Repo-owned curated misspelling examples; candidate evidence only, not learner evidence, resolver truth, or final teaching truth. Aggregates 1 misspelling seed row(s), including: citys.",medium,in_review,Role 'diagnostic' is outside simplified Teaching Dictionary ownership.
knives_en_gb,D4_INF_PLURALS_VES,diagnostic,medium,0.5,3079,internal_reviewed_seed,Common misspellings seed v1,docs/implementation/seed-data/common_misspellings_seed_v1.csv,,"Repo-owned curated misspelling examples; candidate evidence only, not learner evidence, resolver truth, or final teaching truth. Aggregates 1 misspelling seed row(s), including: knifes.",medium,in_review,Role 'diagnostic' is outside simplified Teaching Dictionary ownership.
wolves_en_gb,D4_INF_PLURALS_VES,diagnostic,medium,0.5,3163,internal_reviewed_seed,Common misspellings seed v1,docs/implementation/seed-data/common_misspellings_seed_v1.csv,,"Repo-owned curated misspelling examples; candidate evidence only, not learner evidence, resolver truth, or final teaching truth. Aggregates 1 misspelling seed row(s), including: wolfs.",medium,in_review,Role 'diagnostic' is outside simplified Teaching Dictionary ownership.
fixes_en_gb,D4_INF_PRESENT_TENSE_ES,diagnostic,medium,0.5,3054,internal_reviewed_seed,Common misspellings seed v1,docs/implementation/seed-data/common_misspellings_seed_v1.csv,,"Repo-owned curated misspelling examples; candidate evidence only, not learner evidence, resolver truth, or final teaching truth. Aggregates 1 misspelling seed row(s), including: fixs.",medium,in_review,Role 'diagnostic' is outside simplified Teaching Dictionary ownership.
studies_en_gb,D4_INF_PRESENT_TENSE_Y_TO_IES,diagnostic,medium,0.5,3138,internal_reviewed_seed,Common misspellings seed v1,docs/implementation/seed-data/common_misspellings_seed_v1.csv,,"Repo-owned curated misspelling examples; candidate evidence only, not learner evidence, resolver truth, or final teaching truth. Aggregates 1 misspelling seed row(s), including: studys.",medium,in_review,Role 'diagnostic' is outside simplified Teaching Dictionary ownership.
tries_en_gb,D4_INF_PRESENT_TENSE_Y_TO_IES,diagnostic,medium,0.5,3150,internal_reviewed_seed,Common misspellings seed v1,docs/implementation/seed-data/common_misspellings_seed_v1.csv,,"Repo-owned curated misspelling examples; candidate evidence only, not learner evidence, resolver truth, or final teaching truth. Aggregates 1 misspelling seed row(s), including: trys.",medium,in_review,Role 'diagnostic' is outside simplified Teaching Dictionary ownership.
build_en_gb,D4_IRRE_TRICKY_WORDS_COMMON_HIGH_FREQUENCY,diagnostic,medium,0.5,3014,internal_reviewed_seed,Common misspellings seed v1,docs/implementation/seed-data/common_misspellings_seed_v1.csv,,"Repo-owned curated misspelling examples; candidate evidence only, not learner evidence, resolver truth, or final teaching truth. Aggregates 1 misspelling seed row(s), including: bild.",medium,in_review,Role 'diagnostic' is outside simplified Teaching Dictionary ownership.
business_en_gb,D4_IRRE_TRICKY_WORDS_COMMON_HIGH_FREQUENCY,diagnostic,medium,0.5,3015,internal_reviewed_seed,Common misspellings seed v1,docs/implementation/seed-data/common_misspellings_seed_v1.csv,,"Repo-owned curated misspelling examples; candidate evidence only, not learner evidence, resolver truth, or final teaching truth. Aggregates 1 misspelling seed row(s), including: buisness.",medium,in_review,Role 'diagnostic' is outside simplified Teaching Dictionary ownership.
busy_en_gb,D4_IRRE_TRICKY_WORDS_COMMON_HIGH_FREQUENCY,diagnostic,medium,0.5,3016,internal_reviewed_seed,Common misspellings seed v1,docs/implementation/seed-data/common_misspellings_seed_v1.csv,,"Repo-owned curated misspelling examples; candidate evidence only, not learner evidence, resolver truth, or final teaching truth. Aggregates 1 misspelling seed row(s), including: bussy.",medium,in_review,Role 'diagnostic' is outside simplified Teaching Dictionary ownership.
friend_en_gb,D4_IRRE_TRICKY_WORDS_COMMON_HIGH_FREQUENCY,diagnostic,medium,0.5,3055,internal_reviewed_seed,Common misspellings seed v1,docs/implementation/seed-data/common_misspellings_seed_v1.csv,,"Repo-owned curated misspelling examples; candidate evidence only, not learner evidence, resolver truth, or final teaching truth. Aggregates 2 misspelling seed row(s), including: freind, frend.",medium,in_review,Role 'diagnostic' is outside simplified Teaching Dictionary ownership.
people_en_gb,D4_IRRE_TRICKY_WORDS_COMMON_HIGH_FREQUENCY,diagnostic,medium,0.5,3101,internal_reviewed_seed,Common misspellings seed v1,docs/implementation/seed-data/common_misspellings_seed_v1.csv,,"Repo-owned curated misspelling examples; candidate evidence only, not learner evidence, resolver truth, or final teaching truth. Aggregates 2 misspelling seed row(s), including: peple, peeple.",medium,in_review,Role 'diagnostic' is outside simplified Teaching Dictionary ownership.
beautiful_en_gb,D4_IRRE_TRICKY_WORDS_COMPLEX_HIGH_FREQUENCY,diagnostic,medium,0.5,3008,internal_reviewed_seed,Common misspellings seed v1,docs/implementation/seed-data/common_misspellings_seed_v1.csv,,"Repo-owned curated misspelling examples; candidate evidence only, not learner evidence, resolver truth, or final teaching truth. Aggregates 2 misspelling seed row(s), including: beautifull, butiful.",medium,in_review,Role 'diagnostic' is outside simplified Teaching Dictionary ownership.
because_en_gb,D4_IRRE_TRICKY_WORDS_COMPLEX_HIGH_FREQUENCY,diagnostic,medium,0.5,3009,internal_reviewed_seed,Common misspellings seed v1,docs/implementation/seed-data/common_misspellings_seed_v1.csv,,"Repo-owned curated misspelling examples; candidate evidence only, not learner evidence, resolver truth, or final teaching truth. Aggregates 4 misspelling seed row(s), including: becuase, beacuse, becouse, becos.",medium,in_review,Role 'diagnostic' is outside simplified Teaching Dictionary ownership.
favourite_en_gb,D4_IRRE_TRICKY_WORDS_COMPLEX_HIGH_FREQUENCY,diagnostic,medium,0.5,3053,internal_reviewed_seed,Common misspellings seed v1,docs/implementation/seed-data/common_misspellings_seed_v1.csv,,"Repo-owned curated misspelling examples; candidate evidence only, not learner evidence, resolver truth, or final teaching truth. Aggregates 2 misspelling seed row(s), including: faverite, favrite.",medium,in_review,Role 'diagnostic' is outside simplified Teaching Dictionary ownership.
usually_en_gb,D4_IRRE_TRICKY_WORDS_COMPLEX_HIGH_FREQUENCY,diagnostic,medium,0.5,3153,internal_reviewed_seed,Common misspellings seed v1,docs/implementation/seed-data/common_misspellings_seed_v1.csv,,"Repo-owned curated misspelling examples; candidate evidence only, not learner evidence, resolver truth, or final teaching truth. Aggregates 2 misspelling seed row(s), including: usally, useually.",medium,in_review,Role 'diagnostic' is outside simplified Teaching Dictionary ownership.
does_en_gb,D4_IRRE_TRICKY_WORDS_FUNCTION_WORDS,diagnostic,medium,0.5,3043,internal_reviewed_seed,Common misspellings seed v1,docs/implementation/seed-data/common_misspellings_seed_v1.csv,,"Repo-owned curated misspelling examples; candidate evidence only, not learner evidence, resolver truth, or final teaching truth. Aggregates 2 misspelling seed row(s), including: dose, duz.",medium,in_review,Role 'diagnostic' is outside simplified Teaching Dictionary ownership.
was_en_gb,D4_IRRE_TRICKY_WORDS_FUNCTION_WORDS,diagnostic,medium,0.5,3156,internal_reviewed_seed,Common misspellings seed v1,docs/implementation/seed-data/common_misspellings_seed_v1.csv,,"Repo-owned curated misspelling examples; candidate evidence only, not learner evidence, resolver truth, or final teaching truth. Aggregates 1 misspelling seed row(s), including: wos.",medium,in_review,Role 'diagnostic' is outside simplified Teaching Dictionary ownership.
could_en_gb,D4_IRRE_TRICKY_WORDS_OULD_WORDS,diagnostic,medium,0.5,3032,internal_reviewed_seed,Common misspellings seed v1,docs/implementation/seed-data/common_misspellings_seed_v1.csv,,"Repo-owned curated misspelling examples; candidate evidence only, not learner evidence, resolver truth, or final teaching truth. Aggregates 2 misspelling seed row(s), including: coud, culd.",medium,in_review,Role 'diagnostic' is outside simplified Teaching Dictionary ownership.
should_en_gb,D4_IRRE_TRICKY_WORDS_OULD_WORDS,diagnostic,medium,0.5,3127,internal_reviewed_seed,Common misspellings seed v1,docs/implementation/seed-data/common_misspellings_seed_v1.csv,,"Repo-owned curated misspelling examples; candidate evidence only, not learner evidence, resolver truth, or final teaching truth. Aggregates 2 misspelling seed row(s), including: shoud, shuld.",medium,in_review,Role 'diagnostic' is outside simplified Teaching Dictionary ownership.
would_en_gb,D4_IRRE_TRICKY_WORDS_OULD_WORDS,diagnostic,medium,0.5,3167,internal_reviewed_seed,Common misspellings seed v1,docs/implementation/seed-data/common_misspellings_seed_v1.csv,,"Repo-owned curated misspelling examples; candidate evidence only, not learner evidence, resolver truth, or final teaching truth. Aggregates 2 misspelling seed row(s), including: woud, wuld.",medium,in_review,Role 'diagnostic' is outside simplified Teaching Dictionary ownership.
once_en_gb,D4_IRRE_TRICKY_WORDS_SIMPLE_HIGH_FREQUENCY,diagnostic,medium,0.5,3099,internal_reviewed_seed,Common misspellings seed v1,docs/implementation/seed-data/common_misspellings_seed_v1.csv,,"Repo-owned curated misspelling examples; candidate evidence only, not learner evidence, resolver truth, or final teaching truth. Aggregates 1 misspelling seed row(s), including: wunce.",medium,in_review,Role 'diagnostic' is outside simplified Teaching Dictionary ownership.
said_en_gb,D4_IRRE_TRICKY_WORDS_SIMPLE_HIGH_FREQUENCY,diagnostic,medium,0.5,3123,internal_reviewed_seed,Common misspellings seed v1,docs/implementation/seed-data/common_misspellings_seed_v1.csv,,"Repo-owned curated misspelling examples; candidate evidence only, not learner evidence, resolver truth, or final teaching truth. Aggregates 2 misspelling seed row(s), including: sed, sayed.",medium,in_review,Role 'diagnostic' is outside simplified Teaching Dictionary ownership.
replayed_en_gb,D4_MOR_BASE_WORDS_BASE_PLUS_PREFIX,diagnostic,medium,0.5,3116,internal_reviewed_seed,Common misspellings seed v1,docs/implementation/seed-data/common_misspellings_seed_v1.csv,,"Repo-owned curated misspelling examples; candidate evidence only, not learner evidence, resolver truth, or final teaching truth. Aggregates 1 misspelling seed row(s), including: replayd.",medium,in_review,Role 'diagnostic' is outside simplified Teaching Dictionary ownership.
helpful_en_gb,D4_MOR_BASE_WORDS_PRESERVE_BASE,diagnostic,medium,0.5,3068,internal_reviewed_seed,Common misspellings seed v1,docs/implementation/seed-data/common_misspellings_seed_v1.csv,,"Repo-owned curated misspelling examples; candidate evidence only, not learner evidence, resolver truth, or final teaching truth. Aggregates 1 misspelling seed row(s), including: helpfull.",medium,in_review,Role 'diagnostic' is outside simplified Teaching Dictionary ownership.
quickly_en_gb,D4_MOR_BASE_WORDS_PRESERVE_BASE,diagnostic,medium,0.5,3113,internal_reviewed_seed,Common misspellings seed v1,docs/implementation/seed-data/common_misspellings_seed_v1.csv,,"Repo-owned curated misspelling examples; candidate evidence only, not learner evidence, resolver truth, or final teaching truth. Aggregates 1 misspelling seed row(s), including: quikly.",medium,in_review,Role 'diagnostic' is outside simplified Teaching Dictionary ownership.
disappear_en_gb,D4_MOR_PREFIXES_DIS_MIS,diagnostic,medium,0.5,3041,internal_reviewed_seed,Common misspellings seed v1,docs/implementation/seed-data/common_misspellings_seed_v1.csv,,"Repo-owned curated misspelling examples; candidate evidence only, not learner evidence, resolver truth, or final teaching truth. Aggregates 2 misspelling seed row(s), including: disapear, dissapear.",medium,in_review,Role 'diagnostic' is outside simplified Teaching Dictionary ownership.
misread_en_gb,D4_MOR_PREFIXES_DIS_MIS,diagnostic,medium,0.5,3092,internal_reviewed_seed,Common misspellings seed v1,docs/implementation/seed-data/common_misspellings_seed_v1.csv,,"Repo-owned curated misspelling examples; candidate evidence only, not learner evidence, resolver truth, or final teaching truth. Aggregates 1 misspelling seed row(s), including: missread.",medium,in_review,Role 'diagnostic' is outside simplified Teaching Dictionary ownership.
misspell_en_gb,D4_MOR_PREFIXES_DIS_MIS,diagnostic,medium,0.5,3094,internal_reviewed_seed,Common misspellings seed v1,docs/implementation/seed-data/common_misspellings_seed_v1.csv,,"Repo-owned curated misspelling examples; candidate evidence only, not learner evidence, resolver truth, or final teaching truth. Aggregates 1 misspelling seed row(s), including: mispell.",medium,in_review,Role 'diagnostic' is outside simplified Teaching Dictionary ownership.
illegal_en_gb,D4_MOR_PREFIXES_IN_IM_IL_IR,diagnostic,medium,0.5,3072,internal_reviewed_seed,Common misspellings seed v1,docs/implementation/seed-data/common_misspellings_seed_v1.csv,,"Repo-owned curated misspelling examples; candidate evidence only, not learner evidence, resolver truth, or final teaching truth. Aggregates 1 misspelling seed row(s), including: ilegal.",medium,in_review,Role 'diagnostic' is outside simplified Teaching Dictionary ownership.
impossible_en_gb,D4_MOR_PREFIXES_IN_IM_IL_IR,diagnostic,medium,0.5,3073,internal_reviewed_seed,Common misspellings seed v1,docs/implementation/seed-data/common_misspellings_seed_v1.csv,,"Repo-owned curated misspelling examples; candidate evidence only, not learner evidence, resolver truth, or final teaching truth. Aggregates 1 misspelling seed row(s), including: imposible.",medium,in_review,Role 'diagnostic' is outside simplified Teaching Dictionary ownership.
enjoyable_en_gb,D4_MOR_SUFFIXES_ABLE_IBLE,diagnostic,medium,0.5,3046,internal_reviewed_seed,Common misspellings seed v1,docs/implementation/seed-data/common_misspellings_seed_v1.csv,,"Repo-owned curated misspelling examples; candidate evidence only, not learner evidence, resolver truth, or final teaching truth. Aggregates 1 misspelling seed row(s), including: enjoyible.",medium,in_review,Role 'diagnostic' is outside simplified Teaching Dictionary ownership.
possible_en_gb,D4_MOR_SUFFIXES_ABLE_IBLE,diagnostic,medium,0.5,3110,internal_reviewed_seed,Common misspellings seed v1,docs/implementation/seed-data/common_misspellings_seed_v1.csv,,"Repo-owned curated misspelling examples; candidate evidence only, not learner evidence, resolver truth, or final teaching truth. Aggregates 1 misspelling seed row(s), including: posible.",medium,in_review,Role 'diagnostic' is outside simplified Teaching Dictionary ownership.
visible_en_gb,D4_MOR_SUFFIXES_ABLE_IBLE,diagnostic,medium,0.5,3154,internal_reviewed_seed,Common misspellings seed v1,docs/implementation/seed-data/common_misspellings_seed_v1.csv,,"Repo-owned curated misspelling examples; candidate evidence only, not learner evidence, resolver truth, or final teaching truth. Aggregates 1 misspelling seed row(s), including: visable.",medium,in_review,Role 'diagnostic' is outside simplified Teaching Dictionary ownership.
national_en_gb,D4_MOR_SUFFIXES_AL,diagnostic,medium,0.5,3096,internal_reviewed_seed,Common misspellings seed v1,docs/implementation/seed-data/common_misspellings_seed_v1.csv,,"Repo-owned curated misspelling examples; candidate evidence only, not learner evidence, resolver truth, or final teaching truth. Aggregates 1 misspelling seed row(s), including: nationall.",medium,in_review,Role 'diagnostic' is outside simplified Teaching Dictionary ownership.
personal_en_gb,D4_MOR_SUFFIXES_AL,diagnostic,medium,0.5,3102,internal_reviewed_seed,Common misspellings seed v1,docs/implementation/seed-data/common_misspellings_seed_v1.csv,,"Repo-owned curated misspelling examples; candidate evidence only, not learner evidence, resolver truth, or final teaching truth. Aggregates 1 misspelling seed row(s), including: personall.",medium,in_review,Role 'diagnostic' is outside simplified Teaching Dictionary ownership.
careful_en_gb,D4_MOR_SUFFIXES_FUL_LESS,diagnostic,medium,0.5,3020,internal_reviewed_seed,Common misspellings seed v1,docs/implementation/seed-data/common_misspellings_seed_v1.csv,,"Repo-owned curated misspelling examples; candidate evidence only, not learner evidence, resolver truth, or final teaching truth. Aggregates 1 misspelling seed row(s), including: carefull.",medium,in_review,Role 'diagnostic' is outside simplified Teaching Dictionary ownership.
useful_en_gb,D4_MOR_SUFFIXES_FUL_LESS,diagnostic,medium,0.5,3152,internal_reviewed_seed,Common misspellings seed v1,docs/implementation/seed-data/common_misspellings_seed_v1.csv,,"Repo-owned curated misspelling examples; candidate evidence only, not learner evidence, resolver truth, or final teaching truth. Aggregates 1 misspelling seed row(s), including: usefull.",medium,in_review,Role 'diagnostic' is outside simplified Teaching Dictionary ownership.
ability_en_gb,D4_MOR_SUFFIXES_ITY,diagnostic,medium,0.5,3001,internal_reviewed_seed,Common misspellings seed v1,docs/implementation/seed-data/common_misspellings_seed_v1.csv,,"Repo-owned curated misspelling examples; candidate evidence only, not learner evidence, resolver truth, or final teaching truth. Aggregates 1 misspelling seed row(s), including: abilty.",medium,in_review,Role 'diagnostic' is outside simplified Teaching Dictionary ownership.
activity_en_gb,D4_MOR_SUFFIXES_ITY,diagnostic,medium,0.5,3002,internal_reviewed_seed,Common misspellings seed v1,docs/implementation/seed-data/common_misspellings_seed_v1.csv,,"Repo-owned curated misspelling examples; candidate evidence only, not learner evidence, resolver truth, or final teaching truth. Aggregates 1 misspelling seed row(s), including: activty.",medium,in_review,Role 'diagnostic' is outside simplified Teaching Dictionary ownership.
possibility_en_gb,D4_MOR_SUFFIXES_ITY,diagnostic,medium,0.5,3109,internal_reviewed_seed,Common misspellings seed v1,docs/implementation/seed-data/common_misspellings_seed_v1.csv,,"Repo-owned curated misspelling examples; candidate evidence only, not learner evidence, resolver truth, or final teaching truth. Aggregates 1 misspelling seed row(s), including: possibilty.",medium,in_review,Role 'diagnostic' is outside simplified Teaching Dictionary ownership.
argument_en_gb,D4_MOR_SUFFIXES_MENT,diagnostic,medium,0.5,3005,internal_reviewed_seed,Common misspellings seed v1,docs/implementation/seed-data/common_misspellings_seed_v1.csv,,"Repo-owned curated misspelling examples; candidate evidence only, not learner evidence, resolver truth, or final teaching truth. Aggregates 1 misspelling seed row(s), including: arguement.",medium,in_review,Role 'diagnostic' is outside simplified Teaching Dictionary ownership.
happiness_en_gb,D4_MOR_SUFFIXES_NESS,diagnostic,medium,0.5,3065,internal_reviewed_seed,Common misspellings seed v1,docs/implementation/seed-data/common_misspellings_seed_v1.csv,,"Repo-owned curated misspelling examples; candidate evidence only, not learner evidence, resolver truth, or final teaching truth. Aggregates 1 misspelling seed row(s), including: happyness.",medium,in_review,Role 'diagnostic' is outside simplified Teaching Dictionary ownership.
sadness_en_gb,D4_MOR_SUFFIXES_NESS,diagnostic,medium,0.5,3122,internal_reviewed_seed,Common misspellings seed v1,docs/implementation/seed-data/common_misspellings_seed_v1.csv,,"Repo-owned curated misspelling examples; candidate evidence only, not learner evidence, resolver truth, or final teaching truth. Aggregates 1 misspelling seed row(s), including: sadnes.",medium,in_review,Role 'diagnostic' is outside simplified Teaching Dictionary ownership.
dangerous_en_gb,D4_MOR_SUFFIXES_OUS,diagnostic,medium,0.5,3036,internal_reviewed_seed,Common misspellings seed v1,docs/implementation/seed-data/common_misspellings_seed_v1.csv,,"Repo-owned curated misspelling examples; candidate evidence only, not learner evidence, resolver truth, or final teaching truth. Aggregates 1 misspelling seed row(s), including: dangerus.",medium,in_review,Role 'diagnostic' is outside simplified Teaching Dictionary ownership.
famous_en_gb,D4_MOR_SUFFIXES_OUS,diagnostic,medium,0.5,3052,internal_reviewed_seed,Common misspellings seed v1,docs/implementation/seed-data/common_misspellings_seed_v1.csv,,"Repo-owned curated misspelling examples; candidate evidence only, not learner evidence, resolver truth, or final teaching truth. Aggregates 1 misspelling seed row(s), including: famus.",medium,in_review,Role 'diagnostic' is outside simplified Teaching Dictionary ownership.
carry_en_gb,D4_PAT_DOUBLING_PATTERNS_COMMON_DOUBLE_LETTER_WORDS,diagnostic,medium,0.5,3021,internal_reviewed_seed,Common misspellings seed v1,docs/implementation/seed-data/common_misspellings_seed_v1.csv,,"Repo-owned curated misspelling examples; candidate evidence only, not learner evidence, resolver truth, or final teaching truth. Aggregates 1 misspelling seed row(s), including: cary.",medium,in_review,Role 'diagnostic' is outside simplified Teaching Dictionary ownership.
little_en_gb,D4_PAT_DOUBLING_PATTERNS_COMMON_DOUBLE_LETTER_WORDS,diagnostic,medium,0.5,3085,internal_reviewed_seed,Common misspellings seed v1,docs/implementation/seed-data/common_misspellings_seed_v1.csv,,"Repo-owned curated misspelling examples; candidate evidence only, not learner evidence, resolver truth, or final teaching truth. Aggregates 1 misspelling seed row(s), including: litle.",medium,in_review,Role 'diagnostic' is outside simplified Teaching Dictionary ownership.
pretty_en_gb,D4_PAT_DOUBLING_PATTERNS_COMMON_DOUBLE_LETTER_WORDS,diagnostic,medium,0.5,3112,internal_reviewed_seed,Common misspellings seed v1,docs/implementation/seed-data/common_misspellings_seed_v1.csv,,"Repo-owned curated misspelling examples; candidate evidence only, not learner evidence, resolver truth, or final teaching truth. Aggregates 1 misspelling seed row(s), including: prity.",medium,in_review,Role 'diagnostic' is outside simplified Teaching Dictionary ownership.
summer_en_gb,D4_PAT_DOUBLING_PATTERNS_COMMON_DOUBLE_LETTER_WORDS,diagnostic,medium,0.5,3139,internal_reviewed_seed,Common misspellings seed v1,docs/implementation/seed-data/common_misspellings_seed_v1.csv,,"Repo-owned curated misspelling examples; candidate evidence only, not learner evidence, resolver truth, or final teaching truth. Aggregates 1 misspelling seed row(s), including: sumner.",medium,in_review,Role 'diagnostic' is outside simplified Teaching Dictionary ownership.
buzz_en_gb,D4_PAT_DOUBLING_PATTERNS_FLOSS,diagnostic,medium,0.5,3017,internal_reviewed_seed,Common misspellings seed v1,docs/implementation/seed-data/common_misspellings_seed_v1.csv,,"Repo-owned curated misspelling examples; candidate evidence only, not learner evidence, resolver truth, or final teaching truth. Aggregates 1 misspelling seed row(s), including: buz.",medium,in_review,Role 'diagnostic' is outside simplified Teaching Dictionary ownership.
cliff_en_gb,D4_PAT_DOUBLING_PATTERNS_FLOSS,diagnostic,medium,0.5,3027,internal_reviewed_seed,Common misspellings seed v1,docs/implementation/seed-data/common_misspellings_seed_v1.csv,,"Repo-owned curated misspelling examples; candidate evidence only, not learner evidence, resolver truth, or final teaching truth. Aggregates 1 misspelling seed row(s), including: clif.",medium,in_review,Role 'diagnostic' is outside simplified Teaching Dictionary ownership.
glass_en_gb,D4_PAT_DOUBLING_PATTERNS_FLOSS,diagnostic,medium,0.5,3059,internal_reviewed_seed,Common misspellings seed v1,docs/implementation/seed-data/common_misspellings_seed_v1.csv,,"Repo-owned curated misspelling examples; candidate evidence only, not learner evidence, resolver truth, or final teaching truth. Aggregates 1 misspelling seed row(s), including: glas.",medium,in_review,Role 'diagnostic' is outside simplified Teaching Dictionary ownership.
grass_en_gb,D4_PAT_DOUBLING_PATTERNS_FLOSS,diagnostic,medium,0.5,3061,internal_reviewed_seed,Common misspellings seed v1,docs/implementation/seed-data/common_misspellings_seed_v1.csv,,"Repo-owned curated misspelling examples; candidate evidence only, not learner evidence, resolver truth, or final teaching truth. Aggregates 1 misspelling seed row(s), including: gras.",medium,in_review,Role 'diagnostic' is outside simplified Teaching Dictionary ownership.
hill_en_gb,D4_PAT_DOUBLING_PATTERNS_FLOSS,diagnostic,medium,0.5,3069,internal_reviewed_seed,Common misspellings seed v1,docs/implementation/seed-data/common_misspellings_seed_v1.csv,,"Repo-owned curated misspelling examples; candidate evidence only, not learner evidence, resolver truth, or final teaching truth. Aggregates 1 misspelling seed row(s), including: hil.",medium,in_review,Role 'diagnostic' is outside simplified Teaching Dictionary ownership.
kiss_en_gb,D4_PAT_DOUBLING_PATTERNS_FLOSS,diagnostic,medium,0.5,3076,internal_reviewed_seed,Common misspellings seed v1,docs/implementation/seed-data/common_misspellings_seed_v1.csv,,"Repo-owned curated misspelling examples; candidate evidence only, not learner evidence, resolver truth, or final teaching truth. Aggregates 1 misspelling seed row(s), including: kis.",medium,in_review,Role 'diagnostic' is outside simplified Teaching Dictionary ownership.
miss_en_gb,D4_PAT_DOUBLING_PATTERNS_FLOSS,diagnostic,medium,0.5,3093,internal_reviewed_seed,Common misspellings seed v1,docs/implementation/seed-data/common_misspellings_seed_v1.csv,,"Repo-owned curated misspelling examples; candidate evidence only, not learner evidence, resolver truth, or final teaching truth. Aggregates 1 misspelling seed row(s), including: mis.",medium,in_review,Role 'diagnostic' is outside simplified Teaching Dictionary ownership.
dinner_en_gb,D4_PAT_DOUBLING_PATTERNS_MEDIAL_SHORT_VOWEL,diagnostic,medium,0.5,3040,internal_reviewed_seed,Common misspellings seed v1,docs/implementation/seed-data/common_misspellings_seed_v1.csv,,"Repo-owned curated misspelling examples; candidate evidence only, not learner evidence, resolver truth, or final teaching truth. Aggregates 1 misspelling seed row(s), including: diner.",medium,in_review,Role 'diagnostic' is outside simplified Teaching Dictionary ownership.
happy_en_gb,D4_PAT_DOUBLING_PATTERNS_MEDIAL_SHORT_VOWEL,diagnostic,medium,0.5,3066,internal_reviewed_seed,Common misspellings seed v1,docs/implementation/seed-data/common_misspellings_seed_v1.csv,,"Repo-owned curated misspelling examples; candidate evidence only, not learner evidence, resolver truth, or final teaching truth. Aggregates 1 misspelling seed row(s), including: hapy.",medium,in_review,Role 'diagnostic' is outside simplified Teaching Dictionary ownership.
letter_en_gb,D4_PAT_DOUBLING_PATTERNS_MEDIAL_SHORT_VOWEL,diagnostic,medium,0.5,3083,internal_reviewed_seed,Common misspellings seed v1,docs/implementation/seed-data/common_misspellings_seed_v1.csv,,"Repo-owned curated misspelling examples; candidate evidence only, not learner evidence, resolver truth, or final teaching truth. Aggregates 1 misspelling seed row(s), including: leter.",medium,in_review,Role 'diagnostic' is outside simplified Teaching Dictionary ownership.
rabbit_en_gb,D4_PAT_DOUBLING_PATTERNS_MEDIAL_SHORT_VOWEL,diagnostic,medium,0.5,3114,internal_reviewed_seed,Common misspellings seed v1,docs/implementation/seed-data/common_misspellings_seed_v1.csv,,"Repo-owned curated misspelling examples; candidate evidence only, not learner evidence, resolver truth, or final teaching truth. Aggregates 1 misspelling seed row(s), including: rabit.",medium,in_review,Role 'diagnostic' is outside simplified Teaching Dictionary ownership.
give_en_gb,D4_PAT_FINAL_CONSONANT_PATTERNS_FINAL_VE,diagnostic,medium,0.5,3058,internal_reviewed_seed,Common misspellings seed v1,docs/implementation/seed-data/common_misspellings_seed_v1.csv,,"Repo-owned curated misspelling examples; candidate evidence only, not learner evidence, resolver truth, or final teaching truth. Aggregates 1 misspelling seed row(s), including: giv.",medium,in_review,Role 'diagnostic' is outside simplified Teaching Dictionary ownership.
have_en_gb,D4_PAT_FINAL_CONSONANT_PATTERNS_FINAL_VE,diagnostic,medium,0.5,3067,internal_reviewed_seed,Common misspellings seed v1,docs/implementation/seed-data/common_misspellings_seed_v1.csv,,"Repo-owned curated misspelling examples; candidate evidence only, not learner evidence, resolver truth, or final teaching truth. Aggregates 2 misspelling seed row(s), including: hav, haff.",medium,in_review,Role 'diagnostic' is outside simplified Teaching Dictionary ownership.
live_en_gb,D4_PAT_FINAL_CONSONANT_PATTERNS_FINAL_VE,diagnostic,medium,0.5,3086,internal_reviewed_seed,Common misspellings seed v1,docs/implementation/seed-data/common_misspellings_seed_v1.csv,,"Repo-owned curated misspelling examples; candidate evidence only, not learner evidence, resolver truth, or final teaching truth. Aggregates 1 misspelling seed row(s), including: liv.",medium,in_review,Role 'diagnostic' is outside simplified Teaching Dictionary ownership.
love_en_gb,D4_PAT_FINAL_CONSONANT_PATTERNS_FINAL_VE,diagnostic,medium,0.5,3087,internal_reviewed_seed,Common misspellings seed v1,docs/implementation/seed-data/common_misspellings_seed_v1.csv,,"Repo-owned curated misspelling examples; candidate evidence only, not learner evidence, resolver truth, or final teaching truth. Aggregates 1 misspelling seed row(s), including: lov.",medium,in_review,Role 'diagnostic' is outside simplified Teaching Dictionary ownership.
debt_en_gb,D4_PAT_SILENT_LETTERS_BT,diagnostic,medium,0.5,3037,internal_reviewed_seed,Common misspellings seed v1,docs/implementation/seed-data/common_misspellings_seed_v1.csv,,"Repo-owned curated misspelling examples; candidate evidence only, not learner evidence, resolver truth, or final teaching truth. Aggregates 1 misspelling seed row(s), including: det.",medium,in_review,Role 'diagnostic' is outside simplified Teaching Dictionary ownership.
doubt_en_gb,D4_PAT_SILENT_LETTERS_BT,diagnostic,medium,0.5,3044,internal_reviewed_seed,Common misspellings seed v1,docs/implementation/seed-data/common_misspellings_seed_v1.csv,,"Repo-owned curated misspelling examples; candidate evidence only, not learner evidence, resolver truth, or final teaching truth. Aggregates 1 misspelling seed row(s), including: dout.",medium,in_review,Role 'diagnostic' is outside simplified Teaching Dictionary ownership.
knee_en_gb,D4_PAT_SILENT_LETTERS_KN,diagnostic,medium,0.5,3077,internal_reviewed_seed,Common misspellings seed v1,docs/implementation/seed-data/common_misspellings_seed_v1.csv,,"Repo-owned curated misspelling examples; candidate evidence only, not learner evidence, resolver truth, or final teaching truth. Aggregates 1 misspelling seed row(s), including: nee.",medium,in_review,Role 'diagnostic' is outside simplified Teaching Dictionary ownership.
knife_en_gb,D4_PAT_SILENT_LETTERS_KN,diagnostic,medium,0.5,3078,internal_reviewed_seed,Common misspellings seed v1,docs/implementation/seed-data/common_misspellings_seed_v1.csv,,"Repo-owned curated misspelling examples; candidate evidence only, not learner evidence, resolver truth, or final teaching truth. Aggregates 1 misspelling seed row(s), including: nife.",medium,in_review,Role 'diagnostic' is outside simplified Teaching Dictionary ownership.
knock_en_gb,D4_PAT_SILENT_LETTERS_KN,diagnostic,medium,0.5,3080,internal_reviewed_seed,Common misspellings seed v1,docs/implementation/seed-data/common_misspellings_seed_v1.csv,,"Repo-owned curated misspelling examples; candidate evidence only, not learner evidence, resolver truth, or final teaching truth. Aggregates 1 misspelling seed row(s), including: nock.",medium,in_review,Role 'diagnostic' is outside simplified Teaching Dictionary ownership.
climb_en_gb,D4_PAT_SILENT_LETTERS_MB,diagnostic,medium,0.5,3028,internal_reviewed_seed,Common misspellings seed v1,docs/implementation/seed-data/common_misspellings_seed_v1.csv,,"Repo-owned curated misspelling examples; candidate evidence only, not learner evidence, resolver truth, or final teaching truth. Aggregates 1 misspelling seed row(s), including: clim.",medium,in_review,Role 'diagnostic' is outside simplified Teaching Dictionary ownership.
lamb_en_gb,D4_PAT_SILENT_LETTERS_MB,diagnostic,medium,0.5,3081,internal_reviewed_seed,Common misspellings seed v1,docs/implementation/seed-data/common_misspellings_seed_v1.csv,,"Repo-owned curated misspelling examples; candidate evidence only, not learner evidence, resolver truth, or final teaching truth. Aggregates 1 misspelling seed row(s), including: lam.",medium,in_review,Role 'diagnostic' is outside simplified Teaching Dictionary ownership.
thumb_en_gb,D4_PAT_SILENT_LETTERS_MB,diagnostic,medium,0.5,3144,internal_reviewed_seed,Common misspellings seed v1,docs/implementation/seed-data/common_misspellings_seed_v1.csv,,"Repo-owned curated misspelling examples; candidate evidence only, not learner evidence, resolver truth, or final teaching truth. Aggregates 1 misspelling seed row(s), including: thum.",medium,in_review,Role 'diagnostic' is outside simplified Teaching Dictionary ownership.
wrist_en_gb,D4_PAT_SILENT_LETTERS_WR,diagnostic,medium,0.5,3168,internal_reviewed_seed,Common misspellings seed v1,docs/implementation/seed-data/common_misspellings_seed_v1.csv,,"Repo-owned curated misspelling examples; candidate evidence only, not learner evidence, resolver truth, or final teaching truth. Aggregates 1 misspelling seed row(s), including: rist.",medium,in_review,Role 'diagnostic' is outside simplified Teaching Dictionary ownership.
wrong_en_gb,D4_PAT_SILENT_LETTERS_WR,diagnostic,medium,0.5,3171,internal_reviewed_seed,Common misspellings seed v1,docs/implementation/seed-data/common_misspellings_seed_v1.csv,,"Repo-owned curated misspelling examples; candidate evidence only, not learner evidence, resolver truth, or final teaching truth. Aggregates 1 misspelling seed row(s), including: rong.",medium,in_review,Role 'diagnostic' is outside simplified Teaching Dictionary ownership.
make_en_gb,D4_PAT_SPLIT_DIGRAPHS_A_E,diagnostic,medium,0.5,2019,internal_reviewed_seed,Canonical spelling word-map workbook v1,docs/implementation/seed-data/canonical-spelling-word-map/canonical-spelling-word-map-v1.xlsx,,"Repo-owned internal pilot word-map content metadata; locally QA-audited; not resolver, assignment, mastery, or final teaching truth. Diagnostic misspelling maik -> make; resolver_visible_candidate remains FALSE.",high,in_review,Role 'diagnostic' is outside simplified Teaching Dictionary ownership.
cake_en_gb,D4_PAT_SPLIT_DIGRAPHS_A_E,diagnostic,medium,0.5,3018,internal_reviewed_seed,Common misspellings seed v1,docs/implementation/seed-data/common_misspellings_seed_v1.csv,,"Repo-owned curated misspelling examples; candidate evidence only, not learner evidence, resolver truth, or final teaching truth. Aggregates 1 misspelling seed row(s), including: cak.",medium,in_review,Role 'diagnostic' is outside simplified Teaching Dictionary ownership.
make_en_gb,D4_PAT_SPLIT_DIGRAPHS_A_E,diagnostic,medium,0.5,3090,internal_reviewed_seed,Common misspellings seed v1,docs/implementation/seed-data/common_misspellings_seed_v1.csv,,"Repo-owned curated misspelling examples; candidate evidence only, not learner evidence, resolver truth, or final teaching truth. Aggregates 1 misspelling seed row(s), including: mak.",medium,in_review,Role 'diagnostic' is outside simplified Teaching Dictionary ownership.
same_en_gb,D4_PAT_SPLIT_DIGRAPHS_A_E,diagnostic,medium,0.5,3124,internal_reviewed_seed,Common misspellings seed v1,docs/implementation/seed-data/common_misspellings_seed_v1.csv,,"Repo-owned curated misspelling examples; candidate evidence only, not learner evidence, resolver truth, or final teaching truth. Aggregates 1 misspelling seed row(s), including: sam.",medium,in_review,Role 'diagnostic' is outside simplified Teaching Dictionary ownership.
bike_en_gb,D4_PAT_SPLIT_DIGRAPHS_I_E,diagnostic,medium,0.5,3010,internal_reviewed_seed,Common misspellings seed v1,docs/implementation/seed-data/common_misspellings_seed_v1.csv,,"Repo-owned curated misspelling examples; candidate evidence only, not learner evidence, resolver truth, or final teaching truth. Aggregates 1 misspelling seed row(s), including: bik.",medium,in_review,Role 'diagnostic' is outside simplified Teaching Dictionary ownership.
like_en_gb,D4_PAT_SPLIT_DIGRAPHS_I_E,diagnostic,medium,0.5,3084,internal_reviewed_seed,Common misspellings seed v1,docs/implementation/seed-data/common_misspellings_seed_v1.csv,,"Repo-owned curated misspelling examples; candidate evidence only, not learner evidence, resolver truth, or final teaching truth. Aggregates 1 misspelling seed row(s), including: lik.",medium,in_review,Role 'diagnostic' is outside simplified Teaching Dictionary ownership.
smile_en_gb,D4_PAT_SPLIT_DIGRAPHS_I_E,diagnostic,medium,0.5,3128,internal_reviewed_seed,Common misspellings seed v1,docs/implementation/seed-data/common_misspellings_seed_v1.csv,,"Repo-owned curated misspelling examples; candidate evidence only, not learner evidence, resolver truth, or final teaching truth. Aggregates 1 misspelling seed row(s), including: smil.",medium,in_review,Role 'diagnostic' is outside simplified Teaching Dictionary ownership.
time_en_gb,D4_PAT_SPLIT_DIGRAPHS_I_E,diagnostic,medium,0.5,3145,internal_reviewed_seed,Common misspellings seed v1,docs/implementation/seed-data/common_misspellings_seed_v1.csv,,"Repo-owned curated misspelling examples; candidate evidence only, not learner evidence, resolver truth, or final teaching truth. Aggregates 1 misspelling seed row(s), including: tim.",medium,in_review,Role 'diagnostic' is outside simplified Teaching Dictionary ownership.
home_en_gb,D4_PAT_SPLIT_DIGRAPHS_O_E,diagnostic,medium,0.5,3070,internal_reviewed_seed,Common misspellings seed v1,docs/implementation/seed-data/common_misspellings_seed_v1.csv,,"Repo-owned curated misspelling examples; candidate evidence only, not learner evidence, resolver truth, or final teaching truth. Aggregates 1 misspelling seed row(s), including: hom.",medium,in_review,Role 'diagnostic' is outside simplified Teaching Dictionary ownership.
rope_en_gb,D4_PAT_SPLIT_DIGRAPHS_O_E,diagnostic,medium,0.5,3119,internal_reviewed_seed,Common misspellings seed v1,docs/implementation/seed-data/common_misspellings_seed_v1.csv,,"Repo-owned curated misspelling examples; candidate evidence only, not learner evidence, resolver truth, or final teaching truth. Aggregates 1 misspelling seed row(s), including: rop.",medium,in_review,Role 'diagnostic' is outside simplified Teaching Dictionary ownership.
stone_en_gb,D4_PAT_SPLIT_DIGRAPHS_O_E,diagnostic,medium,0.5,3135,internal_reviewed_seed,Common misspellings seed v1,docs/implementation/seed-data/common_misspellings_seed_v1.csv,,"Repo-owned curated misspelling examples; candidate evidence only, not learner evidence, resolver truth, or final teaching truth. Aggregates 1 misspelling seed row(s), including: ston.",medium,in_review,Role 'diagnostic' is outside simplified Teaching Dictionary ownership.
cube_en_gb,D4_PAT_SPLIT_DIGRAPHS_U_E,diagnostic,medium,0.5,3035,internal_reviewed_seed,Common misspellings seed v1,docs/implementation/seed-data/common_misspellings_seed_v1.csv,,"Repo-owned curated misspelling examples; candidate evidence only, not learner evidence, resolver truth, or final teaching truth. Aggregates 1 misspelling seed row(s), including: cub.",medium,in_review,Role 'diagnostic' is outside simplified Teaching Dictionary ownership.
tune_en_gb,D4_PAT_SPLIT_DIGRAPHS_U_E,diagnostic,medium,0.5,3151,internal_reviewed_seed,Common misspellings seed v1,docs/implementation/seed-data/common_misspellings_seed_v1.csv,,"Repo-owned curated misspelling examples; candidate evidence only, not learner evidence, resolver truth, or final teaching truth. Aggregates 1 misspelling seed row(s), including: tun.",medium,in_review,Role 'diagnostic' is outside simplified Teaching Dictionary ownership.
want_en_gb,D4_PAT_WA_WOR_WA,diagnostic,medium,0.5,3155,internal_reviewed_seed,Common misspellings seed v1,docs/implementation/seed-data/common_misspellings_seed_v1.csv,,"Repo-owned curated misspelling examples; candidate evidence only, not learner evidence, resolver truth, or final teaching truth. Aggregates 1 misspelling seed row(s), including: wont.",medium,in_review,Role 'diagnostic' is outside simplified Teaching Dictionary ownership.
wash_en_gb,D4_PAT_WA_WOR_WA,diagnostic,medium,0.5,3157,internal_reviewed_seed,Common misspellings seed v1,docs/implementation/seed-data/common_misspellings_seed_v1.csv,,"Repo-owned curated misspelling examples; candidate evidence only, not learner evidence, resolver truth, or final teaching truth. Aggregates 1 misspelling seed row(s), including: wosh.",medium,in_review,Role 'diagnostic' is outside simplified Teaching Dictionary ownership.
watch_en_gb,D4_PAT_WA_WOR_WA,diagnostic,medium,0.5,3158,internal_reviewed_seed,Common misspellings seed v1,docs/implementation/seed-data/common_misspellings_seed_v1.csv,,"Repo-owned curated misspelling examples; candidate evidence only, not learner evidence, resolver truth, or final teaching truth. Aggregates 1 misspelling seed row(s), including: wotch.",medium,in_review,Role 'diagnostic' is outside simplified Teaching Dictionary ownership.
chip_en_gb,D4_PG_CONSONANT_DIGRAPHS_CH_INITIAL_FINAL,diagnostic,medium,0.5,2009,internal_reviewed_seed,Canonical spelling word-map workbook v1,docs/implementation/seed-data/canonical-spelling-word-map/canonical-spelling-word-map-v1.xlsx,,"Repo-owned internal pilot word-map content metadata; locally QA-audited; not resolver, assignment, mastery, or final teaching truth. Diagnostic misspelling cip -> chip; resolver_visible_candidate remains FALSE.",high,in_review,Role 'diagnostic' is outside simplified Teaching Dictionary ownership.
rich_en_gb,D4_PG_CONSONANT_DIGRAPHS_CH_INITIAL_FINAL,diagnostic,medium,0.5,2010,internal_reviewed_seed,Canonical spelling word-map workbook v1,docs/implementation/seed-data/canonical-spelling-word-map/canonical-spelling-word-map-v1.xlsx,,"Repo-owned internal pilot word-map content metadata; locally QA-audited; not resolver, assignment, mastery, or final teaching truth. Diagnostic misspelling ritch -> rich; resolver_visible_candidate remains FALSE.",low,in_review,Role 'diagnostic' is outside simplified Teaching Dictionary ownership.
ship_en_gb,D4_PG_CONSONANT_DIGRAPHS_SH_INITIAL_FINAL,diagnostic,medium,0.5,2007,internal_reviewed_seed,Canonical spelling word-map workbook v1,docs/implementation/seed-data/canonical-spelling-word-map/canonical-spelling-word-map-v1.xlsx,,"Repo-owned internal pilot word-map content metadata; locally QA-audited; not resolver, assignment, mastery, or final teaching truth. Diagnostic misspelling sip -> ship; resolver_visible_candidate remains FALSE.",high,in_review,Role 'diagnostic' is outside simplified Teaching Dictionary ownership.
fish_en_gb,D4_PG_CONSONANT_DIGRAPHS_SH_INITIAL_FINAL,diagnostic,medium,0.5,2008,internal_reviewed_seed,Canonical spelling word-map workbook v1,docs/implementation/seed-data/canonical-spelling-word-map/canonical-spelling-word-map-v1.xlsx,,"Repo-owned internal pilot word-map content metadata; locally QA-audited; not resolver, assignment, mastery, or final teaching truth. Diagnostic misspelling fis -> fish; resolver_visible_candidate remains FALSE.",medium,in_review,Role 'diagnostic' is outside simplified Teaching Dictionary ownership.
thin_en_gb,D4_PG_CONSONANT_DIGRAPHS_TH_UNVOICED,diagnostic,medium,0.5,2011,internal_reviewed_seed,Canonical spelling word-map workbook v1,docs/implementation/seed-data/canonical-spelling-word-map/canonical-spelling-word-map-v1.xlsx,,"Repo-owned internal pilot word-map content metadata; locally QA-audited; not resolver, assignment, mastery, or final teaching truth. Diagnostic misspelling fin -> thin; resolver_visible_candidate remains FALSE.",medium,in_review,Role 'diagnostic' is outside simplified Teaching Dictionary ownership.
bath_en_gb,D4_PG_CONSONANT_DIGRAPHS_TH_UNVOICED,diagnostic,medium,0.5,2012,internal_reviewed_seed,Canonical spelling word-map workbook v1,docs/implementation/seed-data/canonical-spelling-word-map/canonical-spelling-word-map-v1.xlsx,,"Repo-owned internal pilot word-map content metadata; locally QA-audited; not resolver, assignment, mastery, or final teaching truth. Diagnostic misspelling bat -> bath; resolver_visible_candidate remains FALSE.",medium,in_review,Role 'diagnostic' is outside simplified Teaching Dictionary ownership.
cat_en_gb,D4_PG_CVC_SHORT_VOWELS_SHORT_A,diagnostic,medium,0.5,2001,internal_reviewed_seed,Canonical spelling word-map workbook v1,docs/implementation/seed-data/canonical-spelling-word-map/canonical-spelling-word-map-v1.xlsx,,"Repo-owned internal pilot word-map content metadata; locally QA-audited; not resolver, assignment, mastery, or final teaching truth. Diagnostic misspelling cet -> cat; resolver_visible_candidate remains FALSE.",medium,in_review,Role 'diagnostic' is outside simplified Teaching Dictionary ownership.
bed_en_gb,D4_PG_CVC_SHORT_VOWELS_SHORT_E,diagnostic,medium,0.5,2003,internal_reviewed_seed,Canonical spelling word-map workbook v1,docs/implementation/seed-data/canonical-spelling-word-map/canonical-spelling-word-map-v1.xlsx,,"Repo-owned internal pilot word-map content metadata; locally QA-audited; not resolver, assignment, mastery, or final teaching truth. Diagnostic misspelling bad -> bed; resolver_visible_candidate remains FALSE.",medium,in_review,Role 'diagnostic' is outside simplified Teaching Dictionary ownership.
pen_en_gb,D4_PG_CVC_SHORT_VOWELS_SHORT_E,diagnostic,medium,0.5,2004,internal_reviewed_seed,Canonical spelling word-map workbook v1,docs/implementation/seed-data/canonical-spelling-word-map/canonical-spelling-word-map-v1.xlsx,,"Repo-owned internal pilot word-map content metadata; locally QA-audited; not resolver, assignment, mastery, or final teaching truth. Diagnostic misspelling pin -> pen; resolver_visible_candidate remains FALSE.",medium,in_review,Role 'diagnostic' is outside simplified Teaching Dictionary ownership.
sit_en_gb,D4_PG_CVC_SHORT_VOWELS_SHORT_I,diagnostic,medium,0.5,2005,internal_reviewed_seed,Canonical spelling word-map workbook v1,docs/implementation/seed-data/canonical-spelling-word-map/canonical-spelling-word-map-v1.xlsx,,"Repo-owned internal pilot word-map content metadata; locally QA-audited; not resolver, assignment, mastery, or final teaching truth. Diagnostic misspelling set -> sit; resolver_visible_candidate remains FALSE.",medium,in_review,Role 'diagnostic' is outside simplified Teaching Dictionary ownership.
pin_en_gb,D4_PG_CVC_SHORT_VOWELS_SHORT_I,diagnostic,medium,0.5,2006,internal_reviewed_seed,Canonical spelling word-map workbook v1,docs/implementation/seed-data/canonical-spelling-word-map/canonical-spelling-word-map-v1.xlsx,,"Repo-owned internal pilot word-map content metadata; locally QA-audited; not resolver, assignment, mastery, or final teaching truth. Diagnostic misspelling pan -> pin; resolver_visible_candidate remains FALSE.",low,in_review,Role 'diagnostic' is outside simplified Teaching Dictionary ownership.
cough_en_gb,D4_PG_F_SOUND_CHOICES_GH,diagnostic,medium,0.5,3031,internal_reviewed_seed,Common misspellings seed v1,docs/implementation/seed-data/common_misspellings_seed_v1.csv,,"Repo-owned curated misspelling examples; candidate evidence only, not learner evidence, resolver truth, or final teaching truth. Aggregates 1 misspelling seed row(s), including: cof.",medium,in_review,Role 'diagnostic' is outside simplified Teaching Dictionary ownership.
laugh_en_gb,D4_PG_F_SOUND_CHOICES_GH,diagnostic,medium,0.5,3082,internal_reviewed_seed,Common misspellings seed v1,docs/implementation/seed-data/common_misspellings_seed_v1.csv,,"Repo-owned curated misspelling examples; candidate evidence only, not learner evidence, resolver truth, or final teaching truth. Aggregates 1 misspelling seed row(s), including: laf.",medium,in_review,Role 'diagnostic' is outside simplified Teaching Dictionary ownership.
rough_en_gb,D4_PG_F_SOUND_CHOICES_GH,diagnostic,medium,0.5,3120,internal_reviewed_seed,Common misspellings seed v1,docs/implementation/seed-data/common_misspellings_seed_v1.csv,,"Repo-owned curated misspelling examples; candidate evidence only, not learner evidence, resolver truth, or final teaching truth. Aggregates 1 misspelling seed row(s), including: ruff.",medium,in_review,Role 'diagnostic' is outside simplified Teaching Dictionary ownership.
phone_en_gb,D4_PG_F_SOUND_CHOICES_PH,diagnostic,medium,0.5,3103,internal_reviewed_seed,Common misspellings seed v1,docs/implementation/seed-data/common_misspellings_seed_v1.csv,,"Repo-owned curated misspelling examples; candidate evidence only, not learner evidence, resolver truth, or final teaching truth. Aggregates 1 misspelling seed row(s), including: fone.",medium,in_review,Role 'diagnostic' is outside simplified Teaching Dictionary ownership.
photo_en_gb,D4_PG_F_SOUND_CHOICES_PH,diagnostic,medium,0.5,3104,internal_reviewed_seed,Common misspellings seed v1,docs/implementation/seed-data/common_misspellings_seed_v1.csv,,"Repo-owned curated misspelling examples; candidate evidence only, not learner evidence, resolver truth, or final teaching truth. Aggregates 1 misspelling seed row(s), including: foto.",medium,in_review,Role 'diagnostic' is outside simplified Teaching Dictionary ownership.
giraffe_en_gb,D4_PG_J_SOUND_CHOICES_G_SOFT_EIY,diagnostic,medium,0.5,3057,internal_reviewed_seed,Common misspellings seed v1,docs/implementation/seed-data/common_misspellings_seed_v1.csv,,"Repo-owned curated misspelling examples; candidate evidence only, not learner evidence, resolver truth, or final teaching truth. Aggregates 1 misspelling seed row(s), including: giraff.",medium,in_review,Role 'diagnostic' is outside simplified Teaching Dictionary ownership.
gym_en_gb,D4_PG_J_SOUND_CHOICES_G_SOFT_EIY,diagnostic,medium,0.5,3064,internal_reviewed_seed,Common misspellings seed v1,docs/implementation/seed-data/common_misspellings_seed_v1.csv,,"Repo-owned curated misspelling examples; candidate evidence only, not learner evidence, resolver truth, or final teaching truth. Aggregates 1 misspelling seed row(s), including: jym.",medium,in_review,Role 'diagnostic' is outside simplified Teaching Dictionary ownership.
chemist_en_gb,D4_PG_K_SOUND_CHOICES_CH_GREEK,diagnostic,medium,0.5,3023,internal_reviewed_seed,Common misspellings seed v1,docs/implementation/seed-data/common_misspellings_seed_v1.csv,,"Repo-owned curated misspelling examples; candidate evidence only, not learner evidence, resolver truth, or final teaching truth. Aggregates 1 misspelling seed row(s), including: khemist.",medium,in_review,Role 'diagnostic' is outside simplified Teaching Dictionary ownership.
school_en_gb,D4_PG_K_SOUND_CHOICES_CH_GREEK,diagnostic,medium,0.5,3125,internal_reviewed_seed,Common misspellings seed v1,docs/implementation/seed-data/common_misspellings_seed_v1.csv,,"Repo-owned curated misspelling examples; candidate evidence only, not learner evidence, resolver truth, or final teaching truth. Aggregates 2 misspelling seed row(s), including: scool, skool.",medium,in_review,Role 'diagnostic' is outside simplified Teaching Dictionary ownership.
break_en_gb,D4_PG_LONG_AI_EA_COMMON,diagnostic,medium,0.5,3013,internal_reviewed_seed,Common misspellings seed v1,docs/implementation/seed-data/common_misspellings_seed_v1.csv,,"Repo-owned curated misspelling examples; candidate evidence only, not learner evidence, resolver truth, or final teaching truth. Aggregates 1 misspelling seed row(s), including: brake.",medium,in_review,Role 'diagnostic' is outside simplified Teaching Dictionary ownership.
great_en_gb,D4_PG_LONG_AI_EA_COMMON,diagnostic,medium,0.5,3062,internal_reviewed_seed,Common misspellings seed v1,docs/implementation/seed-data/common_misspellings_seed_v1.csv,,"Repo-owned curated misspelling examples; candidate evidence only, not learner evidence, resolver truth, or final teaching truth. Aggregates 1 misspelling seed row(s), including: grait.",medium,in_review,Role 'diagnostic' is outside simplified Teaching Dictionary ownership.
play_en_gb,D4_PG_LONG_AI_FINAL_AY,diagnostic,medium,0.5,2013,internal_reviewed_seed,Canonical spelling word-map workbook v1,docs/implementation/seed-data/canonical-spelling-word-map/canonical-spelling-word-map-v1.xlsx,,"Repo-owned internal pilot word-map content metadata; locally QA-audited; not resolver, assignment, mastery, or final teaching truth. Diagnostic misspelling plai -> play; resolver_visible_candidate remains FALSE.",high,in_review,Role 'diagnostic' is outside simplified Teaching Dictionary ownership.
day_en_gb,D4_PG_LONG_AI_FINAL_AY,diagnostic,medium,0.5,2014,internal_reviewed_seed,Canonical spelling word-map workbook v1,docs/implementation/seed-data/canonical-spelling-word-map/canonical-spelling-word-map-v1.xlsx,,"Repo-owned internal pilot word-map content metadata; locally QA-audited; not resolver, assignment, mastery, or final teaching truth. Diagnostic misspelling dae -> day; resolver_visible_candidate remains FALSE.",medium,in_review,Role 'diagnostic' is outside simplified Teaching Dictionary ownership.
rain_en_gb,D4_PG_LONG_AI_MEDIAL_AI,diagnostic,medium,0.5,2015,internal_reviewed_seed,Canonical spelling word-map workbook v1,docs/implementation/seed-data/canonical-spelling-word-map/canonical-spelling-word-map-v1.xlsx,,"Repo-owned internal pilot word-map content metadata; locally QA-audited; not resolver, assignment, mastery, or final teaching truth. Diagnostic misspelling rayn -> rain; resolver_visible_candidate remains FALSE.",medium,in_review,Role 'diagnostic' is outside simplified Teaching Dictionary ownership.
train_en_gb,D4_PG_LONG_AI_MEDIAL_AI,diagnostic,medium,0.5,2016,internal_reviewed_seed,Canonical spelling word-map workbook v1,docs/implementation/seed-data/canonical-spelling-word-map/canonical-spelling-word-map-v1.xlsx,,"Repo-owned internal pilot word-map content metadata; locally QA-audited; not resolver, assignment, mastery, or final teaching truth. Diagnostic misspelling trane -> train; resolver_visible_candidate remains FALSE.",medium,in_review,Role 'diagnostic' is outside simplified Teaching Dictionary ownership.
rain_en_gb,D4_PG_LONG_AI_MEDIAL_AI,diagnostic,medium,0.5,3115,internal_reviewed_seed,Common misspellings seed v1,docs/implementation/seed-data/common_misspellings_seed_v1.csv,,"Repo-owned curated misspelling examples; candidate evidence only, not learner evidence, resolver truth, or final teaching truth. Aggregates 1 misspelling seed row(s), including: rane.",medium,in_review,Role 'diagnostic' is outside simplified Teaching Dictionary ownership.
snail_en_gb,D4_PG_LONG_AI_MEDIAL_AI,diagnostic,medium,0.5,3130,internal_reviewed_seed,Common misspellings seed v1,docs/implementation/seed-data/common_misspellings_seed_v1.csv,,"Repo-owned curated misspelling examples; candidate evidence only, not learner evidence, resolver truth, or final teaching truth. Aggregates 1 misspelling seed row(s), including: snale.",medium,in_review,Role 'diagnostic' is outside simplified Teaching Dictionary ownership.
train_en_gb,D4_PG_LONG_AI_MEDIAL_AI,diagnostic,medium,0.5,3148,internal_reviewed_seed,Common misspellings seed v1,docs/implementation/seed-data/common_misspellings_seed_v1.csv,,"Repo-owned curated misspelling examples; candidate evidence only, not learner evidence, resolver truth, or final teaching truth. Aggregates 1 misspelling seed row(s), including: trane.",medium,in_review,Role 'diagnostic' is outside simplified Teaching Dictionary ownership.
boat_en_gb,D4_PG_LONG_OA_OA,diagnostic,medium,0.5,2017,internal_reviewed_seed,Canonical spelling word-map workbook v1,docs/implementation/seed-data/canonical-spelling-word-map/canonical-spelling-word-map-v1.xlsx,,"Repo-owned internal pilot word-map content metadata; locally QA-audited; not resolver, assignment, mastery, or final teaching truth. Diagnostic misspelling bote -> boat; resolver_visible_candidate remains FALSE.",medium,in_review,Role 'diagnostic' is outside simplified Teaching Dictionary ownership.
boat_en_gb,D4_PG_LONG_OA_OA,diagnostic,medium,0.5,3011,internal_reviewed_seed,Common misspellings seed v1,docs/implementation/seed-data/common_misspellings_seed_v1.csv,,"Repo-owned curated misspelling examples; candidate evidence only, not learner evidence, resolver truth, or final teaching truth. Aggregates 1 misspelling seed row(s), including: boet.",medium,in_review,Role 'diagnostic' is outside simplified Teaching Dictionary ownership.
road_en_gb,D4_PG_LONG_OA_OA,diagnostic,medium,0.5,3118,internal_reviewed_seed,Common misspellings seed v1,docs/implementation/seed-data/common_misspellings_seed_v1.csv,,"Repo-owned curated misspelling examples; candidate evidence only, not learner evidence, resolver truth, or final teaching truth. Aggregates 1 misspelling seed row(s), including: rote.",medium,in_review,Role 'diagnostic' is outside simplified Teaching Dictionary ownership.
grow_en_gb,D4_PG_LONG_OA_OW_FINAL,diagnostic,medium,0.5,3063,internal_reviewed_seed,Common misspellings seed v1,docs/implementation/seed-data/common_misspellings_seed_v1.csv,,"Repo-owned curated misspelling examples; candidate evidence only, not learner evidence, resolver truth, or final teaching truth. Aggregates 1 misspelling seed row(s), including: gro.",medium,in_review,Role 'diagnostic' is outside simplified Teaching Dictionary ownership.
snow_en_gb,D4_PG_LONG_OA_OW_FINAL,diagnostic,medium,0.5,3131,internal_reviewed_seed,Common misspellings seed v1,docs/implementation/seed-data/common_misspellings_seed_v1.csv,,"Repo-owned curated misspelling examples; candidate evidence only, not learner evidence, resolver truth, or final teaching truth. Aggregates 1 misspelling seed row(s), including: sno.",medium,in_review,Role 'diagnostic' is outside simplified Teaching Dictionary ownership.
words_en_gb,D4_PG_R_CONTROLLED_WOR_ER,diagnostic,medium,0.5,3164,internal_reviewed_seed,Common misspellings seed v1,docs/implementation/seed-data/common_misspellings_seed_v1.csv,,"Repo-owned curated misspelling examples; candidate evidence only, not learner evidence, resolver truth, or final teaching truth. Aggregates 1 misspelling seed row(s), including: wurds.",medium,in_review,Role 'diagnostic' is outside simplified Teaching Dictionary ownership.
work_en_gb,D4_PG_R_CONTROLLED_WOR_ER,diagnostic,medium,0.5,3165,internal_reviewed_seed,Common misspellings seed v1,docs/implementation/seed-data/common_misspellings_seed_v1.csv,,"Repo-owned curated misspelling examples; candidate evidence only, not learner evidence, resolver truth, or final teaching truth. Aggregates 1 misspelling seed row(s), including: wurk.",medium,in_review,Role 'diagnostic' is outside simplified Teaching Dictionary ownership.
world_en_gb,D4_PG_R_CONTROLLED_WOR_ER,diagnostic,medium,0.5,3166,internal_reviewed_seed,Common misspellings seed v1,docs/implementation/seed-data/common_misspellings_seed_v1.csv,,"Repo-owned curated misspelling examples; candidate evidence only, not learner evidence, resolver truth, or final teaching truth. Aggregates 2 misspelling seed row(s), including: wurld, werld.",medium,in_review,Role 'diagnostic' is outside simplified Teaching Dictionary ownership.
cent_en_gb,D4_PG_S_SOUND_CHOICES_C_SOFT,diagnostic,medium,0.5,3022,internal_reviewed_seed,Common misspellings seed v1,docs/implementation/seed-data/common_misspellings_seed_v1.csv,,"Repo-owned curated misspelling examples; candidate evidence only, not learner evidence, resolver truth, or final teaching truth. Aggregates 1 misspelling seed row(s), including: sent.",medium,in_review,Role 'diagnostic' is outside simplified Teaching Dictionary ownership.
circle_en_gb,D4_PG_S_SOUND_CHOICES_C_SOFT,diagnostic,medium,0.5,3024,internal_reviewed_seed,Common misspellings seed v1,docs/implementation/seed-data/common_misspellings_seed_v1.csv,,"Repo-owned curated misspelling examples; candidate evidence only, not learner evidence, resolver truth, or final teaching truth. Aggregates 1 misspelling seed row(s), including: sircle.",medium,in_review,Role 'diagnostic' is outside simplified Teaching Dictionary ownership.
city_en_gb,D4_PG_S_SOUND_CHOICES_C_SOFT,diagnostic,medium,0.5,3026,internal_reviewed_seed,Common misspellings seed v1,docs/implementation/seed-data/common_misspellings_seed_v1.csv,,"Repo-owned curated misspelling examples; candidate evidence only, not learner evidence, resolver truth, or final teaching truth. Aggregates 1 misspelling seed row(s), including: sity.",medium,in_review,Role 'diagnostic' is outside simplified Teaching Dictionary ownership.
calendar_en_gb,D4_SCHWA_FINAL_AR_FINAL,diagnostic,medium,0.5,3019,internal_reviewed_seed,Common misspellings seed v1,docs/implementation/seed-data/common_misspellings_seed_v1.csv,,"Repo-owned curated misspelling examples; candidate evidence only, not learner evidence, resolver truth, or final teaching truth. Aggregates 1 misspelling seed row(s), including: calender.",medium,in_review,Role 'diagnostic' is outside simplified Teaching Dictionary ownership.
grammar_en_gb,D4_SCHWA_FINAL_AR_FINAL,diagnostic,medium,0.5,3060,internal_reviewed_seed,Common misspellings seed v1,docs/implementation/seed-data/common_misspellings_seed_v1.csv,,"Repo-owned curated misspelling examples; candidate evidence only, not learner evidence, resolver truth, or final teaching truth. Aggregates 1 misspelling seed row(s), including: grammer.",medium,in_review,Role 'diagnostic' is outside simplified Teaching Dictionary ownership.
sofa_en_gb,D4_SCHWA_FINAL_A_FINAL,diagnostic,medium,0.5,3133,internal_reviewed_seed,Common misspellings seed v1,docs/implementation/seed-data/common_misspellings_seed_v1.csv,,"Repo-owned curated misspelling examples; candidate evidence only, not learner evidence, resolver truth, or final teaching truth. Aggregates 1 misspelling seed row(s), including: sofer.",medium,in_review,Role 'diagnostic' is outside simplified Teaching Dictionary ownership.
teacher_en_gb,D4_SCHWA_FINAL_ER_FINAL,diagnostic,medium,0.5,3140,internal_reviewed_seed,Common misspellings seed v1,docs/implementation/seed-data/common_misspellings_seed_v1.csv,,"Repo-owned curated misspelling examples; candidate evidence only, not learner evidence, resolver truth, or final teaching truth. Aggregates 1 misspelling seed row(s), including: teacha.",medium,in_review,Role 'diagnostic' is outside simplified Teaching Dictionary ownership.
doctor_en_gb,D4_SCHWA_FINAL_OR_FINAL,diagnostic,medium,0.5,3042,internal_reviewed_seed,Common misspellings seed v1,docs/implementation/seed-data/common_misspellings_seed_v1.csv,,"Repo-owned curated misspelling examples; candidate evidence only, not learner evidence, resolver truth, or final teaching truth. Aggregates 1 misspelling seed row(s), including: docter.",medium,in_review,Role 'diagnostic' is outside simplified Teaching Dictionary ownership.
different_en_gb,D4_SCHWA_MEDIAL_COMMON_WEAK_VOWELS,diagnostic,medium,0.5,3039,internal_reviewed_seed,Common misspellings seed v1,docs/implementation/seed-data/common_misspellings_seed_v1.csv,,"Repo-owned curated misspelling examples; candidate evidence only, not learner evidence, resolver truth, or final teaching truth. Aggregates 1 misspelling seed row(s), including: diffrent.",medium,in_review,Role 'diagnostic' is outside simplified Teaching Dictionary ownership.
every_en_gb,D4_SCHWA_MEDIAL_COMMON_WEAK_VOWELS,diagnostic,medium,0.5,3048,internal_reviewed_seed,Common misspellings seed v1,docs/implementation/seed-data/common_misspellings_seed_v1.csv,,"Repo-owned curated misspelling examples; candidate evidence only, not learner evidence, resolver truth, or final teaching truth. Aggregates 1 misspelling seed row(s), including: evry.",medium,in_review,Role 'diagnostic' is outside simplified Teaching Dictionary ownership.
family_en_gb,D4_SCHWA_MEDIAL_COMMON_WEAK_VOWELS,diagnostic,medium,0.5,3051,internal_reviewed_seed,Common misspellings seed v1,docs/implementation/seed-data/common_misspellings_seed_v1.csv,,"Repo-owned curated misspelling examples; candidate evidence only, not learner evidence, resolver truth, or final teaching truth. Aggregates 1 misspelling seed row(s), including: famly.",medium,in_review,Role 'diagnostic' is outside simplified Teaching Dictionary ownership.
separate_en_gb,D4_SCHWA_MEDIAL_COMMON_WEAK_VOWELS,diagnostic,medium,0.5,3126,internal_reviewed_seed,Common misspellings seed v1,docs/implementation/seed-data/common_misspellings_seed_v1.csv,,"Repo-owned curated misspelling examples; candidate evidence only, not learner evidence, resolver truth, or final teaching truth. Aggregates 1 misspelling seed row(s), including: seperate.",medium,in_review,Role 'diagnostic' is outside simplified Teaching Dictionary ownership.
actual_en_gb,D4_SCHWA_MEDIAL_NATURAL_ACTUAL,diagnostic,medium,0.5,3003,internal_reviewed_seed,Common misspellings seed v1,docs/implementation/seed-data/common_misspellings_seed_v1.csv,,"Repo-owned curated misspelling examples; candidate evidence only, not learner evidence, resolver truth, or final teaching truth. Aggregates 1 misspelling seed row(s), including: actul.",medium,in_review,Role 'diagnostic' is outside simplified Teaching Dictionary ownership.
factual_en_gb,D4_SCHWA_MEDIAL_NATURAL_ACTUAL,diagnostic,medium,0.5,3050,internal_reviewed_seed,Common misspellings seed v1,docs/implementation/seed-data/common_misspellings_seed_v1.csv,,"Repo-owned curated misspelling examples; candidate evidence only, not learner evidence, resolver truth, or final teaching truth. Aggregates 1 misspelling seed row(s), including: factul.",medium,in_review,Role 'diagnostic' is outside simplified Teaching Dictionary ownership.
natural_en_gb,D4_SCHWA_MEDIAL_NATURAL_ACTUAL,diagnostic,medium,0.5,3097,internal_reviewed_seed,Common misspellings seed v1,docs/implementation/seed-data/common_misspellings_seed_v1.csv,,"Repo-owned curated misspelling examples; candidate evidence only, not learner evidence, resolver truth, or final teaching truth. Aggregates 1 misspelling seed row(s), including: natral.",medium,in_review,Role 'diagnostic' is outside simplified Teaching Dictionary ownership.
ritual_en_gb,D4_SCHWA_MEDIAL_NATURAL_ACTUAL,diagnostic,medium,0.5,3117,internal_reviewed_seed,Common misspellings seed v1,docs/implementation/seed-data/common_misspellings_seed_v1.csv,,"Repo-owned curated misspelling examples; candidate evidence only, not learner evidence, resolver truth, or final teaching truth. Aggregates 1 misspelling seed row(s), including: rituel.",medium,in_review,Role 'diagnostic' is outside simplified Teaching Dictionary ownership.
official_en_gb,D4_SYL_FINAL_STABLE_SYLLABLES_CIAL,diagnostic,medium,0.5,3098,internal_reviewed_seed,Common misspellings seed v1,docs/implementation/seed-data/common_misspellings_seed_v1.csv,,"Repo-owned curated misspelling examples; candidate evidence only, not learner evidence, resolver truth, or final teaching truth. Aggregates 1 misspelling seed row(s), including: offical.",medium,in_review,Role 'diagnostic' is outside simplified Teaching Dictionary ownership.
social_en_gb,D4_SYL_FINAL_STABLE_SYLLABLES_CIAL,diagnostic,medium,0.5,3132,internal_reviewed_seed,Common misspellings seed v1,docs/implementation/seed-data/common_misspellings_seed_v1.csv,,"Repo-owned curated misspelling examples; candidate evidence only, not learner evidence, resolver truth, or final teaching truth. Aggregates 1 misspelling seed row(s), including: sosial.",medium,in_review,Role 'diagnostic' is outside simplified Teaching Dictionary ownership.
magician_en_gb,D4_SYL_FINAL_STABLE_SYLLABLES_CIAN,diagnostic,medium,0.5,3089,internal_reviewed_seed,Common misspellings seed v1,docs/implementation/seed-data/common_misspellings_seed_v1.csv,,"Repo-owned curated misspelling examples; candidate evidence only, not learner evidence, resolver truth, or final teaching truth. Aggregates 1 misspelling seed row(s), including: magishan.",medium,in_review,Role 'diagnostic' is outside simplified Teaching Dictionary ownership.
musician_en_gb,D4_SYL_FINAL_STABLE_SYLLABLES_CIAN,diagnostic,medium,0.5,3095,internal_reviewed_seed,Common misspellings seed v1,docs/implementation/seed-data/common_misspellings_seed_v1.csv,,"Repo-owned curated misspelling examples; candidate evidence only, not learner evidence, resolver truth, or final teaching truth. Aggregates 1 misspelling seed row(s), including: musican.",medium,in_review,Role 'diagnostic' is outside simplified Teaching Dictionary ownership.
politician_en_gb,D4_SYL_FINAL_STABLE_SYLLABLES_CIAN,diagnostic,medium,0.5,3108,internal_reviewed_seed,Common misspellings seed v1,docs/implementation/seed-data/common_misspellings_seed_v1.csv,,"Repo-owned curated misspelling examples; candidate evidence only, not learner evidence, resolver truth, or final teaching truth. Aggregates 1 misspelling seed row(s), including: politican.",medium,in_review,Role 'diagnostic' is outside simplified Teaching Dictionary ownership.
confusion_en_gb,D4_SYL_FINAL_STABLE_SYLLABLES_SION,diagnostic,medium,0.5,3029,internal_reviewed_seed,Common misspellings seed v1,docs/implementation/seed-data/common_misspellings_seed_v1.csv,,"Repo-owned curated misspelling examples; candidate evidence only, not learner evidence, resolver truth, or final teaching truth. Aggregates 1 misspelling seed row(s), including: confushon.",medium,in_review,Role 'diagnostic' is outside simplified Teaching Dictionary ownership.
decision_en_gb,D4_SYL_FINAL_STABLE_SYLLABLES_SION,diagnostic,medium,0.5,3038,internal_reviewed_seed,Common misspellings seed v1,docs/implementation/seed-data/common_misspellings_seed_v1.csv,,"Repo-owned curated misspelling examples; candidate evidence only, not learner evidence, resolver truth, or final teaching truth. Aggregates 1 misspelling seed row(s), including: decison.",medium,in_review,Role 'diagnostic' is outside simplified Teaching Dictionary ownership.
extension_en_gb,D4_SYL_FINAL_STABLE_SYLLABLES_SION,diagnostic,medium,0.5,3049,internal_reviewed_seed,Common misspellings seed v1,docs/implementation/seed-data/common_misspellings_seed_v1.csv,,"Repo-owned curated misspelling examples; candidate evidence only, not learner evidence, resolver truth, or final teaching truth. Aggregates 1 misspelling seed row(s), including: extention.",medium,in_review,Role 'diagnostic' is outside simplified Teaching Dictionary ownership.
essential_en_gb,D4_SYL_FINAL_STABLE_SYLLABLES_TIAL,diagnostic,medium,0.5,3047,internal_reviewed_seed,Common misspellings seed v1,docs/implementation/seed-data/common_misspellings_seed_v1.csv,,"Repo-owned curated misspelling examples; candidate evidence only, not learner evidence, resolver truth, or final teaching truth. Aggregates 1 misspelling seed row(s), including: essentail.",medium,in_review,Role 'diagnostic' is outside simplified Teaching Dictionary ownership.
potential_en_gb,D4_SYL_FINAL_STABLE_SYLLABLES_TIAL,diagnostic,medium,0.5,3111,internal_reviewed_seed,Common misspellings seed v1,docs/implementation/seed-data/common_misspellings_seed_v1.csv,,"Repo-owned curated misspelling examples; candidate evidence only, not learner evidence, resolver truth, or final teaching truth. Aggregates 1 misspelling seed row(s), including: potensial.",medium,in_review,Role 'diagnostic' is outside simplified Teaching Dictionary ownership.
attention_en_gb,D4_SYL_FINAL_STABLE_SYLLABLES_TION,diagnostic,medium,0.5,3006,internal_reviewed_seed,Common misspellings seed v1,docs/implementation/seed-data/common_misspellings_seed_v1.csv,,"Repo-owned curated misspelling examples; candidate evidence only, not learner evidence, resolver truth, or final teaching truth. Aggregates 1 misspelling seed row(s), including: attension.",medium,in_review,Role 'diagnostic' is outside simplified Teaching Dictionary ownership.
invention_en_gb,D4_SYL_FINAL_STABLE_SYLLABLES_TION,diagnostic,medium,0.5,3074,internal_reviewed_seed,Common misspellings seed v1,docs/implementation/seed-data/common_misspellings_seed_v1.csv,,"Repo-owned curated misspelling examples; candidate evidence only, not learner evidence, resolver truth, or final teaching truth. Aggregates 1 misspelling seed row(s), including: invetion.",medium,in_review,Role 'diagnostic' is outside simplified Teaching Dictionary ownership.
station_en_gb,D4_SYL_FINAL_STABLE_SYLLABLES_TION,diagnostic,medium,0.5,3134,internal_reviewed_seed,Common misspellings seed v1,docs/implementation/seed-data/common_misspellings_seed_v1.csv,,"Repo-owned curated misspelling examples; candidate evidence only, not learner evidence, resolver truth, or final teaching truth. Aggregates 2 misspelling seed row(s), including: staton, stasion.",medium,in_review,Role 'diagnostic' is outside simplified Teaching Dictionary ownership.
creature_en_gb,D4_SYL_FINAL_STABLE_SYLLABLES_TURE,diagnostic,medium,0.5,3033,internal_reviewed_seed,Common misspellings seed v1,docs/implementation/seed-data/common_misspellings_seed_v1.csv,,"Repo-owned curated misspelling examples; candidate evidence only, not learner evidence, resolver truth, or final teaching truth. Aggregates 1 misspelling seed row(s), including: creacher.",medium,in_review,Role 'diagnostic' is outside simplified Teaching Dictionary ownership.
future_en_gb,D4_SYL_FINAL_STABLE_SYLLABLES_TURE,diagnostic,medium,0.5,3056,internal_reviewed_seed,Common misspellings seed v1,docs/implementation/seed-data/common_misspellings_seed_v1.csv,,"Repo-owned curated misspelling examples; candidate evidence only, not learner evidence, resolver truth, or final teaching truth. Aggregates 1 misspelling seed row(s), including: futer.",medium,in_review,Role 'diagnostic' is outside simplified Teaching Dictionary ownership.
picture_en_gb,D4_SYL_FINAL_STABLE_SYLLABLES_TURE,diagnostic,medium,0.5,3105,internal_reviewed_seed,Common misspellings seed v1,docs/implementation/seed-data/common_misspellings_seed_v1.csv,,"Repo-owned curated misspelling examples; candidate evidence only, not learner evidence, resolver truth, or final teaching truth. Aggregates 1 misspelling seed row(s), including: pictuer.",medium,in_review,Role 'diagnostic' is outside simplified Teaching Dictionary ownership.
