base_family_key,micro_skill_key,base_word_key,base_meaning,etymology_route,source_category,source_name,source_url,source_licence,source_use_note,confidence,review_status,reviewed_by,reviewed_at
act_base_family,D4_MOR_BASE_WORDS_IDENTIFY_BASE,act_en_gb,"to do, make, or carry out something","{""relation_type"":""etymological_root"",""origin_language"":""Latin"",""origin_form"":""actus"",""literal_meaning"":""a doing or deed"",""child_facing_meaning"":""to do, make, or carry out something"",""semantic_connection"":""The English base act is visible in this family. Some members use a Latin-derived route, so teach their link as word history rather than as a simple modern suffix rule."",""evidence"":{""source_name"":""Online Etymology Dictionary"",""source_url"":""https://www.etymonline.com/search?q=act"",""verification_status"":""linked_for_human_review""}}",ai_assisted_draft,OpenAI ChatGPT draft for human review,docs/implementation/seed-data/teaching-dictionary/candidates/2026-06-29-phase-5-source-intake/csv/canonical_word_metadata.csv,,"AI-assisted draft derived from the supplied approved canonical morphology metadata and approved D4 sources where applicable; requires linguistic, pedagogical, safeguarding, and copyright review before import.",low,in_review,,
angle_base_family,D4_MOR_BASE_WORDS_IDENTIFY_BASE,angle_en_gb,the space between two lines that meet,"{""relation_type"":""free_base"",""origin_language"":""Modern English"",""origin_form"":""angle"",""literal_meaning"":""the space between two lines that meet"",""child_facing_meaning"":""the space between two lines that meet"",""semantic_connection"":""The visible English base angle is recorded in this family’s reviewed word sums; a human reviewer must confirm every member remains semantically appropriate."",""evidence"":{""source_name"":""Online Etymology Dictionary"",""source_url"":""https://www.etymonline.com/search?q=angle"",""verification_status"":""linked_for_human_review""}}",ai_assisted_draft,OpenAI ChatGPT draft for human review,docs/implementation/seed-data/teaching-dictionary/candidates/2026-06-29-phase-5-source-intake/csv/canonical_word_metadata.csv,,"AI-assisted draft derived from the supplied approved canonical morphology metadata and approved D4 sources where applicable; requires linguistic, pedagogical, safeguarding, and copyright review before import.",low,in_review,,
baby_base_family,D4_MOR_BASE_WORDS_IDENTIFY_BASE,baby_en_gb,a very young child or animal,"{""relation_type"":""free_base"",""origin_language"":""Modern English"",""origin_form"":""baby"",""literal_meaning"":""a very young child or animal"",""child_facing_meaning"":""a very young child or animal"",""semantic_connection"":""The visible English base baby is recorded in this family’s reviewed word sums; a human reviewer must confirm every member remains semantically appropriate."",""evidence"":{""source_name"":""Online Etymology Dictionary"",""source_url"":""https://www.etymonline.com/search?q=baby"",""verification_status"":""linked_for_human_review""}}",ai_assisted_draft,OpenAI ChatGPT draft for human review,docs/implementation/seed-data/teaching-dictionary/candidates/2026-06-29-phase-5-source-intake/csv/canonical_word_metadata.csv,,"AI-assisted draft derived from the supplied approved canonical morphology metadata and approved D4 sources where applicable; requires linguistic, pedagogical, safeguarding, and copyright review before import.",low,in_review,,
bake_base_family,D4_MOR_BASE_WORDS_IDENTIFY_BASE,bake_en_gb,to cook in an oven,"{""relation_type"":""free_base"",""origin_language"":""Modern English"",""origin_form"":""bake"",""literal_meaning"":""to cook in an oven"",""child_facing_meaning"":""to cook in an oven"",""semantic_connection"":""The visible English base bake is recorded in this family’s reviewed word sums; a human reviewer must confirm every member remains semantically appropriate."",""evidence"":{""source_name"":""Online Etymology Dictionary"",""source_url"":""https://www.etymonline.com/search?q=bake"",""verification_status"":""linked_for_human_review""}}",ai_assisted_draft,OpenAI ChatGPT draft for human review,docs/implementation/seed-data/teaching-dictionary/candidates/2026-06-29-phase-5-source-intake/csv/canonical_word_metadata.csv,,"AI-assisted draft derived from the supplied approved canonical morphology metadata and approved D4 sources where applicable; requires linguistic, pedagogical, safeguarding, and copyright review before import.",low,in_review,,
bed_base_family,D4_MOR_BASE_WORDS_IDENTIFY_BASE,bed_en_gb,furniture for sleeping,"{""relation_type"":""free_base"",""origin_language"":""Modern English"",""origin_form"":""bed"",""literal_meaning"":""furniture for sleeping"",""child_facing_meaning"":""furniture for sleeping"",""semantic_connection"":""The visible English base bed is recorded in this family’s reviewed word sums; a human reviewer must confirm every member remains semantically appropriate."",""evidence"":{""source_name"":""Online Etymology Dictionary"",""source_url"":""https://www.etymonline.com/search?q=bed"",""verification_status"":""linked_for_human_review""}}",ai_assisted_draft,OpenAI ChatGPT draft for human review,docs/implementation/seed-data/teaching-dictionary/candidates/2026-06-29-phase-5-source-intake/csv/canonical_word_metadata.csv,,"AI-assisted draft derived from the supplied approved canonical morphology metadata and approved D4 sources where applicable; requires linguistic, pedagogical, safeguarding, and copyright review before import.",low,in_review,,
big_base_family,D4_MOR_BASE_WORDS_IDENTIFY_BASE,big_en_gb,large,"{""relation_type"":""free_base"",""origin_language"":""Modern English"",""origin_form"":""big"",""literal_meaning"":""large"",""child_facing_meaning"":""large"",""semantic_connection"":""The visible English base big is recorded in this family’s reviewed word sums; a human reviewer must confirm every member remains semantically appropriate."",""evidence"":{""source_name"":""Online Etymology Dictionary"",""source_url"":""https://www.etymonline.com/search?q=big"",""verification_status"":""linked_for_human_review""}}",ai_assisted_draft,OpenAI ChatGPT draft for human review,docs/implementation/seed-data/teaching-dictionary/candidates/2026-06-29-phase-5-source-intake/csv/canonical_word_metadata.csv,,"AI-assisted draft derived from the supplied approved canonical morphology metadata and approved D4 sources where applicable; requires linguistic, pedagogical, safeguarding, and copyright review before import.",low,in_review,,
book_base_family,D4_MOR_BASE_WORDS_IDENTIFY_BASE,book_en_gb,pages fastened together for reading,"{""relation_type"":""free_base"",""origin_language"":""Modern English"",""origin_form"":""book"",""literal_meaning"":""pages fastened together for reading"",""child_facing_meaning"":""pages fastened together for reading"",""semantic_connection"":""The visible English base book is recorded in this family’s reviewed word sums; a human reviewer must confirm every member remains semantically appropriate."",""evidence"":{""source_name"":""Online Etymology Dictionary"",""source_url"":""https://www.etymonline.com/search?q=book"",""verification_status"":""linked_for_human_review""}}",ai_assisted_draft,OpenAI ChatGPT draft for human review,docs/implementation/seed-data/teaching-dictionary/candidates/2026-06-29-phase-5-source-intake/csv/canonical_word_metadata.csv,,"AI-assisted draft derived from the supplied approved canonical morphology metadata and approved D4 sources where applicable; requires linguistic, pedagogical, safeguarding, and copyright review before import.",low,in_review,,
brave_base_family,D4_MOR_BASE_WORDS_IDENTIFY_BASE,brave_en_gb,ready to face danger,"{""relation_type"":""free_base"",""origin_language"":""Modern English"",""origin_form"":""brave"",""literal_meaning"":""ready to face danger"",""child_facing_meaning"":""ready to face danger"",""semantic_connection"":""The visible English base brave is recorded in this family’s reviewed word sums; a human reviewer must confirm every member remains semantically appropriate."",""evidence"":{""source_name"":""Online Etymology Dictionary"",""source_url"":""https://www.etymonline.com/search?q=brave"",""verification_status"":""linked_for_human_review""}}",ai_assisted_draft,OpenAI ChatGPT draft for human review,docs/implementation/seed-data/teaching-dictionary/candidates/2026-06-29-phase-5-source-intake/csv/canonical_word_metadata.csv,,"AI-assisted draft derived from the supplied approved canonical morphology metadata and approved D4 sources where applicable; requires linguistic, pedagogical, safeguarding, and copyright review before import.",low,in_review,,
busy_base_family,D4_MOR_BASE_WORDS_IDENTIFY_BASE,busy_en_gb,having a lot to do,"{""relation_type"":""free_base"",""origin_language"":""Modern English"",""origin_form"":""busy"",""literal_meaning"":""having a lot to do"",""child_facing_meaning"":""having a lot to do"",""semantic_connection"":""The visible English base busy is recorded in this family’s reviewed word sums; a human reviewer must confirm every member remains semantically appropriate."",""evidence"":{""source_name"":""Online Etymology Dictionary"",""source_url"":""https://www.etymonline.com/search?q=busy"",""verification_status"":""linked_for_human_review""}}",ai_assisted_draft,OpenAI ChatGPT draft for human review,docs/implementation/seed-data/teaching-dictionary/candidates/2026-06-29-phase-5-source-intake/csv/canonical_word_metadata.csv,,"AI-assisted draft derived from the supplied approved canonical morphology metadata and approved D4 sources where applicable; requires linguistic, pedagogical, safeguarding, and copyright review before import.",low,in_review,,
car_base_family,D4_MOR_BASE_WORDS_IDENTIFY_BASE,car_en_gb,a road vehicle,"{""relation_type"":""free_base"",""origin_language"":""Modern English"",""origin_form"":""car"",""literal_meaning"":""a road vehicle"",""child_facing_meaning"":""a road vehicle"",""semantic_connection"":""The visible English base car is recorded in this family’s reviewed word sums; a human reviewer must confirm every member remains semantically appropriate."",""evidence"":{""source_name"":""Online Etymology Dictionary"",""source_url"":""https://www.etymonline.com/search?q=car"",""verification_status"":""linked_for_human_review""}}",ai_assisted_draft,OpenAI ChatGPT draft for human review,docs/implementation/seed-data/teaching-dictionary/candidates/2026-06-29-phase-5-source-intake/csv/canonical_word_metadata.csv,,"AI-assisted draft derived from the supplied approved canonical morphology metadata and approved D4 sources where applicable; requires linguistic, pedagogical, safeguarding, and copyright review before import.",low,in_review,,
care_base_family,D4_MOR_BASE_WORDS_IDENTIFY_BASE,care_en_gb,to look after someone or something,"{""relation_type"":""free_base"",""origin_language"":""Modern English"",""origin_form"":""care"",""literal_meaning"":""to look after someone or something"",""child_facing_meaning"":""to look after someone or something"",""semantic_connection"":""The visible English base care is recorded in this family’s reviewed word sums; a human reviewer must confirm every member remains semantically appropriate."",""evidence"":{""source_name"":""Online Etymology Dictionary"",""source_url"":""https://www.etymonline.com/search?q=care"",""verification_status"":""linked_for_human_review""}}",ai_assisted_draft,OpenAI ChatGPT draft for human review,docs/implementation/seed-data/teaching-dictionary/candidates/2026-06-29-phase-5-source-intake/csv/canonical_word_metadata.csv,,"AI-assisted draft derived from the supplied approved canonical morphology metadata and approved D4 sources where applicable; requires linguistic, pedagogical, safeguarding, and copyright review before import.",low,in_review,,
carry_base_family,D4_MOR_BASE_WORDS_IDENTIFY_BASE,carry_en_gb,to hold and move something,"{""relation_type"":""free_base"",""origin_language"":""Modern English"",""origin_form"":""carry"",""literal_meaning"":""to hold and move something"",""child_facing_meaning"":""to hold and move something"",""semantic_connection"":""The visible English base carry is recorded in this family’s reviewed word sums; a human reviewer must confirm every member remains semantically appropriate."",""evidence"":{""source_name"":""Online Etymology Dictionary"",""source_url"":""https://www.etymonline.com/search?q=carry"",""verification_status"":""linked_for_human_review""}}",ai_assisted_draft,OpenAI ChatGPT draft for human review,docs/implementation/seed-data/teaching-dictionary/candidates/2026-06-29-phase-5-source-intake/csv/canonical_word_metadata.csv,,"AI-assisted draft derived from the supplied approved canonical morphology metadata and approved D4 sources where applicable; requires linguistic, pedagogical, safeguarding, and copyright review before import.",low,in_review,,
cat_base_family,D4_MOR_BASE_WORDS_IDENTIFY_BASE,cat_en_gb,a small pet animal,"{""relation_type"":""free_base"",""origin_language"":""Modern English"",""origin_form"":""cat"",""literal_meaning"":""a small pet animal"",""child_facing_meaning"":""a small pet animal"",""semantic_connection"":""The visible English base cat is recorded in this family’s reviewed word sums; a human reviewer must confirm every member remains semantically appropriate."",""evidence"":{""source_name"":""Online Etymology Dictionary"",""source_url"":""https://www.etymonline.com/search?q=cat"",""verification_status"":""linked_for_human_review""}}",ai_assisted_draft,OpenAI ChatGPT draft for human review,docs/implementation/seed-data/teaching-dictionary/candidates/2026-06-29-phase-5-source-intake/csv/canonical_word_metadata.csv,,"AI-assisted draft derived from the supplied approved canonical morphology metadata and approved D4 sources where applicable; requires linguistic, pedagogical, safeguarding, and copyright review before import.",low,in_review,,
child_base_family,D4_MOR_BASE_WORDS_IDENTIFY_BASE,child_en_gb,a young person,"{""relation_type"":""free_base"",""origin_language"":""Modern English"",""origin_form"":""child"",""literal_meaning"":""a young person"",""child_facing_meaning"":""a young person"",""semantic_connection"":""The visible English base child is recorded in this family’s reviewed word sums; a human reviewer must confirm every member remains semantically appropriate."",""evidence"":{""source_name"":""Online Etymology Dictionary"",""source_url"":""https://www.etymonline.com/search?q=child"",""verification_status"":""linked_for_human_review""}}",ai_assisted_draft,OpenAI ChatGPT draft for human review,docs/implementation/seed-data/teaching-dictionary/candidates/2026-06-29-phase-5-source-intake/csv/canonical_word_metadata.csv,,"AI-assisted draft derived from the supplied approved canonical morphology metadata and approved D4 sources where applicable; requires linguistic, pedagogical, safeguarding, and copyright review before import.",low,in_review,,
city_base_family,D4_MOR_BASE_WORDS_IDENTIFY_BASE,city_en_gb,a large town,"{""relation_type"":""free_base"",""origin_language"":""Modern English"",""origin_form"":""city"",""literal_meaning"":""a large town"",""child_facing_meaning"":""a large town"",""semantic_connection"":""The visible English base city is recorded in this family’s reviewed word sums; a human reviewer must confirm every member remains semantically appropriate."",""evidence"":{""source_name"":""Online Etymology Dictionary"",""source_url"":""https://www.etymonline.com/search?q=city"",""verification_status"":""linked_for_human_review""}}",ai_assisted_draft,OpenAI ChatGPT draft for human review,docs/implementation/seed-data/teaching-dictionary/candidates/2026-06-29-phase-5-source-intake/csv/canonical_word_metadata.csv,,"AI-assisted draft derived from the supplied approved canonical morphology metadata and approved D4 sources where applicable; requires linguistic, pedagogical, safeguarding, and copyright review before import.",low,in_review,,
clean_base_family,D4_MOR_BASE_WORDS_IDENTIFY_BASE,clean_en_gb,not dirty,"{""relation_type"":""free_base"",""origin_language"":""Modern English"",""origin_form"":""clean"",""literal_meaning"":""not dirty"",""child_facing_meaning"":""not dirty"",""semantic_connection"":""The visible English base clean is recorded in this family’s reviewed word sums; a human reviewer must confirm every member remains semantically appropriate."",""evidence"":{""source_name"":""Online Etymology Dictionary"",""source_url"":""https://www.etymonline.com/search?q=clean"",""verification_status"":""linked_for_human_review""}}",ai_assisted_draft,OpenAI ChatGPT draft for human review,docs/implementation/seed-data/teaching-dictionary/candidates/2026-06-29-phase-5-source-intake/csv/canonical_word_metadata.csv,,"AI-assisted draft derived from the supplied approved canonical morphology metadata and approved D4 sources where applicable; requires linguistic, pedagogical, safeguarding, and copyright review before import.",low,in_review,,
copy_base_family,D4_MOR_BASE_WORDS_IDENTIFY_BASE,copy_en_gb,to make the same as something else,"{""relation_type"":""free_base"",""origin_language"":""Modern English"",""origin_form"":""copy"",""literal_meaning"":""to make the same as something else"",""child_facing_meaning"":""to make the same as something else"",""semantic_connection"":""The visible English base copy is recorded in this family’s reviewed word sums; a human reviewer must confirm every member remains semantically appropriate."",""evidence"":{""source_name"":""Online Etymology Dictionary"",""source_url"":""https://www.etymonline.com/search?q=copy"",""verification_status"":""linked_for_human_review""}}",ai_assisted_draft,OpenAI ChatGPT draft for human review,docs/implementation/seed-data/teaching-dictionary/candidates/2026-06-29-phase-5-source-intake/csv/canonical_word_metadata.csv,,"AI-assisted draft derived from the supplied approved canonical morphology metadata and approved D4 sources where applicable; requires linguistic, pedagogical, safeguarding, and copyright review before import.",low,in_review,,
cry_base_family,D4_MOR_BASE_WORDS_IDENTIFY_BASE,cry_en_gb,to make tears,"{""relation_type"":""free_base"",""origin_language"":""Modern English"",""origin_form"":""cry"",""literal_meaning"":""to make tears"",""child_facing_meaning"":""to make tears"",""semantic_connection"":""The visible English base cry is recorded in this family’s reviewed word sums; a human reviewer must confirm every member remains semantically appropriate."",""evidence"":{""source_name"":""Online Etymology Dictionary"",""source_url"":""https://www.etymonline.com/search?q=cry"",""verification_status"":""linked_for_human_review""}}",ai_assisted_draft,OpenAI ChatGPT draft for human review,docs/implementation/seed-data/teaching-dictionary/candidates/2026-06-29-phase-5-source-intake/csv/canonical_word_metadata.csv,,"AI-assisted draft derived from the supplied approved canonical morphology metadata and approved D4 sources where applicable; requires linguistic, pedagogical, safeguarding, and copyright review before import.",low,in_review,,
danger_base_family,D4_MOR_BASE_WORDS_IDENTIFY_BASE,danger_en_gb,the possibility of harm,"{""relation_type"":""free_base"",""origin_language"":""Modern English"",""origin_form"":""danger"",""literal_meaning"":""the possibility of harm"",""child_facing_meaning"":""the possibility of harm"",""semantic_connection"":""The visible English base danger is recorded in this family’s reviewed word sums; a human reviewer must confirm every member remains semantically appropriate."",""evidence"":{""source_name"":""Online Etymology Dictionary"",""source_url"":""https://www.etymonline.com/search?q=danger"",""verification_status"":""linked_for_human_review""}}",ai_assisted_draft,OpenAI ChatGPT draft for human review,docs/implementation/seed-data/teaching-dictionary/candidates/2026-06-29-phase-5-source-intake/csv/canonical_word_metadata.csv,,"AI-assisted draft derived from the supplied approved canonical morphology metadata and approved D4 sources where applicable; requires linguistic, pedagogical, safeguarding, and copyright review before import.",low,in_review,,
define_base_family,D4_MOR_BASE_WORDS_IDENTIFY_BASE,define_en_gb,to explain the meaning of a word,"{""relation_type"":""free_base"",""origin_language"":""Modern English"",""origin_form"":""define"",""literal_meaning"":""to explain the meaning of a word"",""child_facing_meaning"":""to explain the meaning of a word"",""semantic_connection"":""The visible English base define is recorded in this family’s reviewed word sums; a human reviewer must confirm every member remains semantically appropriate."",""evidence"":{""source_name"":""Online Etymology Dictionary"",""source_url"":""https://www.etymonline.com/search?q=define"",""verification_status"":""linked_for_human_review""}}",ai_assisted_draft,OpenAI ChatGPT draft for human review,docs/implementation/seed-data/teaching-dictionary/candidates/2026-06-29-phase-5-source-intake/csv/canonical_word_metadata.csv,,"AI-assisted draft derived from the supplied approved canonical morphology metadata and approved D4 sources where applicable; requires linguistic, pedagogical, safeguarding, and copyright review before import.",low,in_review,,
die_base_family,D4_MOR_BASE_WORDS_IDENTIFY_BASE,die_en_gb,to stop living,"{""relation_type"":""free_base"",""origin_language"":""Modern English"",""origin_form"":""die"",""literal_meaning"":""to stop living"",""child_facing_meaning"":""to stop living"",""semantic_connection"":""The visible English base die is recorded in this family’s reviewed word sums; a human reviewer must confirm every member remains semantically appropriate."",""evidence"":{""source_name"":""Online Etymology Dictionary"",""source_url"":""https://www.etymonline.com/search?q=die"",""verification_status"":""linked_for_human_review""}}",ai_assisted_draft,OpenAI ChatGPT draft for human review,docs/implementation/seed-data/teaching-dictionary/candidates/2026-06-29-phase-5-source-intake/csv/canonical_word_metadata.csv,,"AI-assisted draft derived from the supplied approved canonical morphology metadata and approved D4 sources where applicable; requires linguistic, pedagogical, safeguarding, and copyright review before import.",low,in_review,,
dog_base_family,D4_MOR_BASE_WORDS_IDENTIFY_BASE,dog_en_gb,a common pet animal,"{""relation_type"":""free_base"",""origin_language"":""Modern English"",""origin_form"":""dog"",""literal_meaning"":""a common pet animal"",""child_facing_meaning"":""a common pet animal"",""semantic_connection"":""The visible English base dog is recorded in this family’s reviewed word sums; a human reviewer must confirm every member remains semantically appropriate."",""evidence"":{""source_name"":""Online Etymology Dictionary"",""source_url"":""https://www.etymonline.com/search?q=dog"",""verification_status"":""linked_for_human_review""}}",ai_assisted_draft,OpenAI ChatGPT draft for human review,docs/implementation/seed-data/teaching-dictionary/candidates/2026-06-29-phase-5-source-intake/csv/canonical_word_metadata.csv,,"AI-assisted draft derived from the supplied approved canonical morphology metadata and approved D4 sources where applicable; requires linguistic, pedagogical, safeguarding, and copyright review before import.",low,in_review,,
face_base_family,D4_MOR_BASE_WORDS_IDENTIFY_BASE,face_en_gb,the front part of a head,"{""relation_type"":""free_base"",""origin_language"":""Modern English"",""origin_form"":""face"",""literal_meaning"":""the front part of a head"",""child_facing_meaning"":""the front part of a head"",""semantic_connection"":""The visible English base face is recorded in this family’s reviewed word sums; a human reviewer must confirm every member remains semantically appropriate."",""evidence"":{""source_name"":""Online Etymology Dictionary"",""source_url"":""https://www.etymonline.com/search?q=face"",""verification_status"":""linked_for_human_review""}}",ai_assisted_draft,OpenAI ChatGPT draft for human review,docs/implementation/seed-data/teaching-dictionary/candidates/2026-06-29-phase-5-source-intake/csv/canonical_word_metadata.csv,,"AI-assisted draft derived from the supplied approved canonical morphology metadata and approved D4 sources where applicable; requires linguistic, pedagogical, safeguarding, and copyright review before import.",low,in_review,,
fair_base_family,D4_MOR_BASE_WORDS_IDENTIFY_BASE,fair_en_gb,equal and right,"{""relation_type"":""free_base"",""origin_language"":""Modern English"",""origin_form"":""fair"",""literal_meaning"":""equal and right"",""child_facing_meaning"":""equal and right"",""semantic_connection"":""The visible English base fair is recorded in this family’s reviewed word sums; a human reviewer must confirm every member remains semantically appropriate."",""evidence"":{""source_name"":""Online Etymology Dictionary"",""source_url"":""https://www.etymonline.com/search?q=fair"",""verification_status"":""linked_for_human_review""}}",ai_assisted_draft,OpenAI ChatGPT draft for human review,docs/implementation/seed-data/teaching-dictionary/candidates/2026-06-29-phase-5-source-intake/csv/canonical_word_metadata.csv,,"AI-assisted draft derived from the supplied approved canonical morphology metadata and approved D4 sources where applicable; requires linguistic, pedagogical, safeguarding, and copyright review before import.",low,in_review,,
fast_base_family,D4_MOR_BASE_WORDS_IDENTIFY_BASE,fast_en_gb,quick,"{""relation_type"":""free_base"",""origin_language"":""Modern English"",""origin_form"":""fast"",""literal_meaning"":""quick"",""child_facing_meaning"":""quick"",""semantic_connection"":""The visible English base fast is recorded in this family’s reviewed word sums; a human reviewer must confirm every member remains semantically appropriate."",""evidence"":{""source_name"":""Online Etymology Dictionary"",""source_url"":""https://www.etymonline.com/search?q=fast"",""verification_status"":""linked_for_human_review""}}",ai_assisted_draft,OpenAI ChatGPT draft for human review,docs/implementation/seed-data/teaching-dictionary/candidates/2026-06-29-phase-5-source-intake/csv/canonical_word_metadata.csv,,"AI-assisted draft derived from the supplied approved canonical morphology metadata and approved D4 sources where applicable; requires linguistic, pedagogical, safeguarding, and copyright review before import.",low,in_review,,
foot_base_family,D4_MOR_BASE_WORDS_IDENTIFY_BASE,foot_en_gb,the part at the end of a leg,"{""relation_type"":""free_base"",""origin_language"":""Modern English"",""origin_form"":""foot"",""literal_meaning"":""the part at the end of a leg"",""child_facing_meaning"":""the part at the end of a leg"",""semantic_connection"":""The visible English base foot is recorded in this family’s reviewed word sums; a human reviewer must confirm every member remains semantically appropriate."",""evidence"":{""source_name"":""Online Etymology Dictionary"",""source_url"":""https://www.etymonline.com/search?q=foot"",""verification_status"":""linked_for_human_review""}}",ai_assisted_draft,OpenAI ChatGPT draft for human review,docs/implementation/seed-data/teaching-dictionary/candidates/2026-06-29-phase-5-source-intake/csv/canonical_word_metadata.csv,,"AI-assisted draft derived from the supplied approved canonical morphology metadata and approved D4 sources where applicable; requires linguistic, pedagogical, safeguarding, and copyright review before import.",low,in_review,,
go_base_family,D4_MOR_BASE_WORDS_IDENTIFY_BASE,go_en_gb,to move from one place to another,"{""relation_type"":""free_base"",""origin_language"":""Modern English"",""origin_form"":""go"",""literal_meaning"":""to move from one place to another"",""child_facing_meaning"":""to move from one place to another"",""semantic_connection"":""The visible English base go is recorded in this family’s reviewed word sums; a human reviewer must confirm every member remains semantically appropriate."",""evidence"":{""source_name"":""Online Etymology Dictionary"",""source_url"":""https://www.etymonline.com/search?q=go"",""verification_status"":""linked_for_human_review""}}",ai_assisted_draft,OpenAI ChatGPT draft for human review,docs/implementation/seed-data/teaching-dictionary/candidates/2026-06-29-phase-5-source-intake/csv/canonical_word_metadata.csv,,"AI-assisted draft derived from the supplied approved canonical morphology metadata and approved D4 sources where applicable; requires linguistic, pedagogical, safeguarding, and copyright review before import.",low,in_review,,
grab_base_family,D4_MOR_BASE_WORDS_IDENTIFY_BASE,grab_en_gb,to take hold of quickly,"{""relation_type"":""free_base"",""origin_language"":""Modern English"",""origin_form"":""grab"",""literal_meaning"":""to take hold of quickly"",""child_facing_meaning"":""to take hold of quickly"",""semantic_connection"":""The visible English base grab is recorded in this family’s reviewed word sums; a human reviewer must confirm every member remains semantically appropriate."",""evidence"":{""source_name"":""Online Etymology Dictionary"",""source_url"":""https://www.etymonline.com/search?q=grab"",""verification_status"":""linked_for_human_review""}}",ai_assisted_draft,OpenAI ChatGPT draft for human review,docs/implementation/seed-data/teaching-dictionary/candidates/2026-06-29-phase-5-source-intake/csv/canonical_word_metadata.csv,,"AI-assisted draft derived from the supplied approved canonical morphology metadata and approved D4 sources where applicable; requires linguistic, pedagogical, safeguarding, and copyright review before import.",low,in_review,,
graph_base_family,D4_MOR_BASE_WORDS_IDENTIFY_BASE,graph_en_gb,"to write, draw, or record information","{""relation_type"":""classical_root"",""origin_language"":""Greek"",""origin_form"":""graphein"",""literal_meaning"":""to write, draw, or represent with lines"",""child_facing_meaning"":""to write, draw, or record information"",""semantic_connection"":""The Greek-derived root graph connects writing, drawing, and recording in words such as graphic, geography, photograph, and photography; it does not mean only a chart."",""evidence"":{""source_name"":""Online Etymology Dictionary"",""source_url"":""https://www.etymonline.com/search?q=graph"",""verification_status"":""linked_for_human_review""}}",ai_assisted_draft,OpenAI ChatGPT draft for human review,docs/implementation/seed-data/teaching-dictionary/candidates/2026-06-29-phase-5-source-intake/csv/canonical_word_metadata.csv,,"AI-assisted draft derived from the supplied approved canonical morphology metadata and approved D4 sources where applicable; requires linguistic, pedagogical, safeguarding, and copyright review before import.",low,in_review,,
grow_base_family,D4_MOR_BASE_WORDS_IDENTIFY_BASE,grow_en_gb,to become bigger,"{""relation_type"":""free_base"",""origin_language"":""Modern English"",""origin_form"":""grow"",""literal_meaning"":""to become bigger"",""child_facing_meaning"":""to become bigger"",""semantic_connection"":""The visible English base grow is recorded in this family’s reviewed word sums; a human reviewer must confirm every member remains semantically appropriate."",""evidence"":{""source_name"":""Online Etymology Dictionary"",""source_url"":""https://www.etymonline.com/search?q=grow"",""verification_status"":""linked_for_human_review""}}",ai_assisted_draft,OpenAI ChatGPT draft for human review,docs/implementation/seed-data/teaching-dictionary/candidates/2026-06-29-phase-5-source-intake/csv/canonical_word_metadata.csv,,"AI-assisted draft derived from the supplied approved canonical morphology metadata and approved D4 sources where applicable; requires linguistic, pedagogical, safeguarding, and copyright review before import.",low,in_review,,
happy_base_family,D4_MOR_BASE_WORDS_IDENTIFY_BASE,happy_en_gb,feeling pleased,"{""relation_type"":""free_base"",""origin_language"":""Modern English"",""origin_form"":""happy"",""literal_meaning"":""feeling pleased"",""child_facing_meaning"":""feeling pleased"",""semantic_connection"":""The visible English base happy is recorded in this family’s reviewed word sums; a human reviewer must confirm every member remains semantically appropriate."",""evidence"":{""source_name"":""Online Etymology Dictionary"",""source_url"":""https://www.etymonline.com/search?q=happy"",""verification_status"":""linked_for_human_review""}}",ai_assisted_draft,OpenAI ChatGPT draft for human review,docs/implementation/seed-data/teaching-dictionary/candidates/2026-06-29-phase-5-source-intake/csv/canonical_word_metadata.csv,,"AI-assisted draft derived from the supplied approved canonical morphology metadata and approved D4 sources where applicable; requires linguistic, pedagogical, safeguarding, and copyright review before import.",low,in_review,,
help_base_family,D4_MOR_BASE_WORDS_IDENTIFY_BASE,help_en_gb,to make a task easier for someone,"{""relation_type"":""free_base"",""origin_language"":""Modern English"",""origin_form"":""help"",""literal_meaning"":""to make a task easier for someone"",""child_facing_meaning"":""to make a task easier for someone"",""semantic_connection"":""The visible English base help is recorded in this family’s reviewed word sums; a human reviewer must confirm every member remains semantically appropriate."",""evidence"":{""source_name"":""Online Etymology Dictionary"",""source_url"":""https://www.etymonline.com/search?q=help"",""verification_status"":""linked_for_human_review""}}",ai_assisted_draft,OpenAI ChatGPT draft for human review,docs/implementation/seed-data/teaching-dictionary/candidates/2026-06-29-phase-5-source-intake/csv/canonical_word_metadata.csv,,"AI-assisted draft derived from the supplied approved canonical morphology metadata and approved D4 sources where applicable; requires linguistic, pedagogical, safeguarding, and copyright review before import.",low,in_review,,
hop_base_family,D4_MOR_BASE_WORDS_IDENTIFY_BASE,hop_en_gb,to jump on one foot,"{""relation_type"":""free_base"",""origin_language"":""Modern English"",""origin_form"":""hop"",""literal_meaning"":""to jump on one foot"",""child_facing_meaning"":""to jump on one foot"",""semantic_connection"":""The visible English base hop is recorded in this family’s reviewed word sums; a human reviewer must confirm every member remains semantically appropriate."",""evidence"":{""source_name"":""Online Etymology Dictionary"",""source_url"":""https://www.etymonline.com/search?q=hop"",""verification_status"":""linked_for_human_review""}}",ai_assisted_draft,OpenAI ChatGPT draft for human review,docs/implementation/seed-data/teaching-dictionary/candidates/2026-06-29-phase-5-source-intake/csv/canonical_word_metadata.csv,,"AI-assisted draft derived from the supplied approved canonical morphology metadata and approved D4 sources where applicable; requires linguistic, pedagogical, safeguarding, and copyright review before import.",low,in_review,,
hope_base_family,D4_MOR_BASE_WORDS_IDENTIFY_BASE,hope_en_gb,to wish for something to happen,"{""relation_type"":""free_base"",""origin_language"":""Modern English"",""origin_form"":""hope"",""literal_meaning"":""to wish for something to happen"",""child_facing_meaning"":""to wish for something to happen"",""semantic_connection"":""The visible English base hope is recorded in this family’s reviewed word sums; a human reviewer must confirm every member remains semantically appropriate."",""evidence"":{""source_name"":""Online Etymology Dictionary"",""source_url"":""https://www.etymonline.com/search?q=hope"",""verification_status"":""linked_for_human_review""}}",ai_assisted_draft,OpenAI ChatGPT draft for human review,docs/implementation/seed-data/teaching-dictionary/candidates/2026-06-29-phase-5-source-intake/csv/canonical_word_metadata.csv,,"AI-assisted draft derived from the supplied approved canonical morphology metadata and approved D4 sources where applicable; requires linguistic, pedagogical, safeguarding, and copyright review before import.",low,in_review,,
hot_base_family,D4_MOR_BASE_WORDS_IDENTIFY_BASE,hot_en_gb,having a lot of heat,"{""relation_type"":""free_base"",""origin_language"":""Modern English"",""origin_form"":""hot"",""literal_meaning"":""having a lot of heat"",""child_facing_meaning"":""having a lot of heat"",""semantic_connection"":""The visible English base hot is recorded in this family’s reviewed word sums; a human reviewer must confirm every member remains semantically appropriate."",""evidence"":{""source_name"":""Online Etymology Dictionary"",""source_url"":""https://www.etymonline.com/search?q=hot"",""verification_status"":""linked_for_human_review""}}",ai_assisted_draft,OpenAI ChatGPT draft for human review,docs/implementation/seed-data/teaching-dictionary/candidates/2026-06-29-phase-5-source-intake/csv/canonical_word_metadata.csv,,"AI-assisted draft derived from the supplied approved canonical morphology metadata and approved D4 sources where applicable; requires linguistic, pedagogical, safeguarding, and copyright review before import.",low,in_review,,
inform_base_family,D4_MOR_BASE_WORDS_IDENTIFY_BASE,inform_en_gb,to tell someone facts,"{""relation_type"":""free_base"",""origin_language"":""Modern English"",""origin_form"":""inform"",""literal_meaning"":""to tell someone facts"",""child_facing_meaning"":""to tell someone facts"",""semantic_connection"":""The visible English base inform is recorded in this family’s reviewed word sums; a human reviewer must confirm every member remains semantically appropriate."",""evidence"":{""source_name"":""Online Etymology Dictionary"",""source_url"":""https://www.etymonline.com/search?q=inform"",""verification_status"":""linked_for_human_review""}}",ai_assisted_draft,OpenAI ChatGPT draft for human review,docs/implementation/seed-data/teaching-dictionary/candidates/2026-06-29-phase-5-source-intake/csv/canonical_word_metadata.csv,,"AI-assisted draft derived from the supplied approved canonical morphology metadata and approved D4 sources where applicable; requires linguistic, pedagogical, safeguarding, and copyright review before import.",low,in_review,,
joy_base_family,D4_MOR_BASE_WORDS_IDENTIFY_BASE,joy_en_gb,a feeling of great happiness,"{""relation_type"":""free_base"",""origin_language"":""Modern English"",""origin_form"":""joy"",""literal_meaning"":""a feeling of great happiness"",""child_facing_meaning"":""a feeling of great happiness"",""semantic_connection"":""The visible English base joy is recorded in this family’s reviewed word sums; a human reviewer must confirm every member remains semantically appropriate."",""evidence"":{""source_name"":""Online Etymology Dictionary"",""source_url"":""https://www.etymonline.com/search?q=joy"",""verification_status"":""linked_for_human_review""}}",ai_assisted_draft,OpenAI ChatGPT draft for human review,docs/implementation/seed-data/teaching-dictionary/candidates/2026-06-29-phase-5-source-intake/csv/canonical_word_metadata.csv,,"AI-assisted draft derived from the supplied approved canonical morphology metadata and approved D4 sources where applicable; requires linguistic, pedagogical, safeguarding, and copyright review before import.",low,in_review,,
jump_base_family,D4_MOR_BASE_WORDS_IDENTIFY_BASE,jump_en_gb,to push yourself into the air,"{""relation_type"":""free_base"",""origin_language"":""Modern English"",""origin_form"":""jump"",""literal_meaning"":""to push yourself into the air"",""child_facing_meaning"":""to push yourself into the air"",""semantic_connection"":""The visible English base jump is recorded in this family’s reviewed word sums; a human reviewer must confirm every member remains semantically appropriate."",""evidence"":{""source_name"":""Online Etymology Dictionary"",""source_url"":""https://www.etymonline.com/search?q=jump"",""verification_status"":""linked_for_human_review""}}",ai_assisted_draft,OpenAI ChatGPT draft for human review,docs/implementation/seed-data/teaching-dictionary/candidates/2026-06-29-phase-5-source-intake/csv/canonical_word_metadata.csv,,"AI-assisted draft derived from the supplied approved canonical morphology metadata and approved D4 sources where applicable; requires linguistic, pedagogical, safeguarding, and copyright review before import.",low,in_review,,
kind_base_family,D4_MOR_BASE_WORDS_IDENTIFY_BASE,kind_en_gb,caring and friendly,"{""relation_type"":""free_base"",""origin_language"":""Modern English"",""origin_form"":""kind"",""literal_meaning"":""caring and friendly"",""child_facing_meaning"":""caring and friendly"",""semantic_connection"":""The visible English base kind is recorded in this family’s reviewed word sums; a human reviewer must confirm every member remains semantically appropriate."",""evidence"":{""source_name"":""Online Etymology Dictionary"",""source_url"":""https://www.etymonline.com/search?q=kind"",""verification_status"":""linked_for_human_review""}}",ai_assisted_draft,OpenAI ChatGPT draft for human review,docs/implementation/seed-data/teaching-dictionary/candidates/2026-06-29-phase-5-source-intake/csv/canonical_word_metadata.csv,,"AI-assisted draft derived from the supplied approved canonical morphology metadata and approved D4 sources where applicable; requires linguistic, pedagogical, safeguarding, and copyright review before import.",low,in_review,,
knife_base_family,D4_MOR_BASE_WORDS_IDENTIFY_BASE,knife_en_gb,a tool with a sharp blade,"{""relation_type"":""free_base"",""origin_language"":""Modern English"",""origin_form"":""knife"",""literal_meaning"":""a tool with a sharp blade"",""child_facing_meaning"":""a tool with a sharp blade"",""semantic_connection"":""The visible English base knife is recorded in this family’s reviewed word sums; a human reviewer must confirm every member remains semantically appropriate."",""evidence"":{""source_name"":""Online Etymology Dictionary"",""source_url"":""https://www.etymonline.com/search?q=knife"",""verification_status"":""linked_for_human_review""}}",ai_assisted_draft,OpenAI ChatGPT draft for human review,docs/implementation/seed-data/teaching-dictionary/candidates/2026-06-29-phase-5-source-intake/csv/canonical_word_metadata.csv,,"AI-assisted draft derived from the supplied approved canonical morphology metadata and approved D4 sources where applicable; requires linguistic, pedagogical, safeguarding, and copyright review before import.",low,in_review,,
large_base_family,D4_MOR_BASE_WORDS_IDENTIFY_BASE,large_larger_largest_en_gb,big,"{""relation_type"":""free_base"",""origin_language"":""Modern English"",""origin_form"":""large_larger_largest"",""literal_meaning"":""big"",""child_facing_meaning"":""big"",""semantic_connection"":""The visible English base large_larger_largest is recorded in this family’s reviewed word sums; a human reviewer must confirm every member remains semantically appropriate."",""evidence"":{""source_name"":""Online Etymology Dictionary"",""source_url"":""https://www.etymonline.com/search?q=large_larger_largest"",""verification_status"":""linked_for_human_review""}}",ai_assisted_draft,OpenAI ChatGPT draft for human review,docs/implementation/seed-data/teaching-dictionary/candidates/2026-06-29-phase-5-source-intake/csv/canonical_word_metadata.csv,,"AI-assisted draft derived from the supplied approved canonical morphology metadata and approved D4 sources where applicable; requires linguistic, pedagogical, safeguarding, and copyright review before import.",low,in_review,,
late_base_family,D4_MOR_BASE_WORDS_IDENTIFY_BASE,late_en_gb,after the expected time,"{""relation_type"":""free_base"",""origin_language"":""Modern English"",""origin_form"":""late"",""literal_meaning"":""after the expected time"",""child_facing_meaning"":""after the expected time"",""semantic_connection"":""The visible English base late is recorded in this family’s reviewed word sums; a human reviewer must confirm every member remains semantically appropriate."",""evidence"":{""source_name"":""Online Etymology Dictionary"",""source_url"":""https://www.etymonline.com/search?q=late"",""verification_status"":""linked_for_human_review""}}",ai_assisted_draft,OpenAI ChatGPT draft for human review,docs/implementation/seed-data/teaching-dictionary/candidates/2026-06-29-phase-5-source-intake/csv/canonical_word_metadata.csv,,"AI-assisted draft derived from the supplied approved canonical morphology metadata and approved D4 sources where applicable; requires linguistic, pedagogical, safeguarding, and copyright review before import.",low,in_review,,
laugh_base_family,D4_MOR_BASE_WORDS_IDENTIFY_BASE,laugh_en_gb,to make a happy sound,"{""relation_type"":""free_base"",""origin_language"":""Modern English"",""origin_form"":""laugh"",""literal_meaning"":""to make a happy sound"",""child_facing_meaning"":""to make a happy sound"",""semantic_connection"":""The visible English base laugh is recorded in this family’s reviewed word sums; a human reviewer must confirm every member remains semantically appropriate."",""evidence"":{""source_name"":""Online Etymology Dictionary"",""source_url"":""https://www.etymonline.com/search?q=laugh"",""verification_status"":""linked_for_human_review""}}",ai_assisted_draft,OpenAI ChatGPT draft for human review,docs/implementation/seed-data/teaching-dictionary/candidates/2026-06-29-phase-5-source-intake/csv/canonical_word_metadata.csv,,"AI-assisted draft derived from the supplied approved canonical morphology metadata and approved D4 sources where applicable; requires linguistic, pedagogical, safeguarding, and copyright review before import.",low,in_review,,
lie_base_family,D4_MOR_BASE_WORDS_IDENTIFY_BASE,lie_en_gb,to rest flat,"{""relation_type"":""free_base"",""origin_language"":""Modern English"",""origin_form"":""lie"",""literal_meaning"":""to rest flat"",""child_facing_meaning"":""to rest flat"",""semantic_connection"":""The visible English base lie is recorded in this family’s reviewed word sums; a human reviewer must confirm every member remains semantically appropriate."",""evidence"":{""source_name"":""Online Etymology Dictionary"",""source_url"":""https://www.etymonline.com/search?q=lie"",""verification_status"":""linked_for_human_review""}}",ai_assisted_draft,OpenAI ChatGPT draft for human review,docs/implementation/seed-data/teaching-dictionary/candidates/2026-06-29-phase-5-source-intake/csv/canonical_word_metadata.csv,,"AI-assisted draft derived from the supplied approved canonical morphology metadata and approved D4 sources where applicable; requires linguistic, pedagogical, safeguarding, and copyright review before import.",low,in_review,,
like_base_family,D4_MOR_BASE_WORDS_IDENTIFY_BASE,like_en_gb,to enjoy or think something is good,"{""relation_type"":""free_base"",""origin_language"":""Modern English"",""origin_form"":""like"",""literal_meaning"":""to enjoy or think something is good"",""child_facing_meaning"":""to enjoy or think something is good"",""semantic_connection"":""The visible English base like is recorded in this family’s reviewed word sums; a human reviewer must confirm every member remains semantically appropriate."",""evidence"":{""source_name"":""Online Etymology Dictionary"",""source_url"":""https://www.etymonline.com/search?q=like"",""verification_status"":""linked_for_human_review""}}",ai_assisted_draft,OpenAI ChatGPT draft for human review,docs/implementation/seed-data/teaching-dictionary/candidates/2026-06-29-phase-5-source-intake/csv/canonical_word_metadata.csv,,"AI-assisted draft derived from the supplied approved canonical morphology metadata and approved D4 sources where applicable; requires linguistic, pedagogical, safeguarding, and copyright review before import.",low,in_review,,
look_base_family,D4_MOR_BASE_WORDS_IDENTIFY_BASE,look_en_gb,to use your eyes to see,"{""relation_type"":""free_base"",""origin_language"":""Modern English"",""origin_form"":""look"",""literal_meaning"":""to use your eyes to see"",""child_facing_meaning"":""to use your eyes to see"",""semantic_connection"":""The visible English base look is recorded in this family’s reviewed word sums; a human reviewer must confirm every member remains semantically appropriate."",""evidence"":{""source_name"":""Online Etymology Dictionary"",""source_url"":""https://www.etymonline.com/search?q=look"",""verification_status"":""linked_for_human_review""}}",ai_assisted_draft,OpenAI ChatGPT draft for human review,docs/implementation/seed-data/teaching-dictionary/candidates/2026-06-29-phase-5-source-intake/csv/canonical_word_metadata.csv,,"AI-assisted draft derived from the supplied approved canonical morphology metadata and approved D4 sources where applicable; requires linguistic, pedagogical, safeguarding, and copyright review before import.",low,in_review,,
magic_base_family,D4_MOR_BASE_WORDS_IDENTIFY_BASE,magic_en_gb,special powers in stories,"{""relation_type"":""free_base"",""origin_language"":""Modern English"",""origin_form"":""magic"",""literal_meaning"":""special powers in stories"",""child_facing_meaning"":""special powers in stories"",""semantic_connection"":""The visible English base magic is recorded in this family’s reviewed word sums; a human reviewer must confirm every member remains semantically appropriate."",""evidence"":{""source_name"":""Online Etymology Dictionary"",""source_url"":""https://www.etymonline.com/search?q=magic"",""verification_status"":""linked_for_human_review""}}",ai_assisted_draft,OpenAI ChatGPT draft for human review,docs/implementation/seed-data/teaching-dictionary/candidates/2026-06-29-phase-5-source-intake/csv/canonical_word_metadata.csv,,"AI-assisted draft derived from the supplied approved canonical morphology metadata and approved D4 sources where applicable; requires linguistic, pedagogical, safeguarding, and copyright review before import.",low,in_review,,
make_base_family,D4_MOR_BASE_WORDS_IDENTIFY_BASE,make_en_gb,to create something,"{""relation_type"":""free_base"",""origin_language"":""Modern English"",""origin_form"":""make"",""literal_meaning"":""to create something"",""child_facing_meaning"":""to create something"",""semantic_connection"":""The visible English base make is recorded in this family’s reviewed word sums; a human reviewer must confirm every member remains semantically appropriate."",""evidence"":{""source_name"":""Online Etymology Dictionary"",""source_url"":""https://www.etymonline.com/search?q=make"",""verification_status"":""linked_for_human_review""}}",ai_assisted_draft,OpenAI ChatGPT draft for human review,docs/implementation/seed-data/teaching-dictionary/candidates/2026-06-29-phase-5-source-intake/csv/canonical_word_metadata.csv,,"AI-assisted draft derived from the supplied approved canonical morphology metadata and approved D4 sources where applicable; requires linguistic, pedagogical, safeguarding, and copyright review before import.",low,in_review,,
map_base_family,D4_MOR_BASE_WORDS_IDENTIFY_BASE,map_en_gb,a drawing of a place,"{""relation_type"":""free_base"",""origin_language"":""Modern English"",""origin_form"":""map"",""literal_meaning"":""a drawing of a place"",""child_facing_meaning"":""a drawing of a place"",""semantic_connection"":""The visible English base map is recorded in this family’s reviewed word sums; a human reviewer must confirm every member remains semantically appropriate."",""evidence"":{""source_name"":""Online Etymology Dictionary"",""source_url"":""https://www.etymonline.com/search?q=map"",""verification_status"":""linked_for_human_review""}}",ai_assisted_draft,OpenAI ChatGPT draft for human review,docs/implementation/seed-data/teaching-dictionary/candidates/2026-06-29-phase-5-source-intake/csv/canonical_word_metadata.csv,,"AI-assisted draft derived from the supplied approved canonical morphology metadata and approved D4 sources where applicable; requires linguistic, pedagogical, safeguarding, and copyright review before import.",low,in_review,,
nature_base_family,D4_MOR_BASE_WORDS_IDENTIFY_BASE,nature_en_gb,"the plants, animals, and world around us","{""relation_type"":""free_base"",""origin_language"":""Modern English"",""origin_form"":""nature"",""literal_meaning"":""the plants, animals, and world around us"",""child_facing_meaning"":""the plants, animals, and world around us"",""semantic_connection"":""The visible English base nature is recorded in this family’s reviewed word sums; a human reviewer must confirm every member remains semantically appropriate."",""evidence"":{""source_name"":""Online Etymology Dictionary"",""source_url"":""https://www.etymonline.com/search?q=nature"",""verification_status"":""linked_for_human_review""}}",ai_assisted_draft,OpenAI ChatGPT draft for human review,docs/implementation/seed-data/teaching-dictionary/candidates/2026-06-29-phase-5-source-intake/csv/canonical_word_metadata.csv,,"AI-assisted draft derived from the supplied approved canonical morphology metadata and approved D4 sources where applicable; requires linguistic, pedagogical, safeguarding, and copyright review before import.",low,in_review,,
nice_base_family,D4_MOR_BASE_WORDS_IDENTIFY_BASE,nice_en_gb,pleasant or kind,"{""relation_type"":""free_base"",""origin_language"":""Modern English"",""origin_form"":""nice"",""literal_meaning"":""pleasant or kind"",""child_facing_meaning"":""pleasant or kind"",""semantic_connection"":""The visible English base nice is recorded in this family’s reviewed word sums; a human reviewer must confirm every member remains semantically appropriate."",""evidence"":{""source_name"":""Online Etymology Dictionary"",""source_url"":""https://www.etymonline.com/search?q=nice"",""verification_status"":""linked_for_human_review""}}",ai_assisted_draft,OpenAI ChatGPT draft for human review,docs/implementation/seed-data/teaching-dictionary/candidates/2026-06-29-phase-5-source-intake/csv/canonical_word_metadata.csv,,"AI-assisted draft derived from the supplied approved canonical morphology metadata and approved D4 sources where applicable; requires linguistic, pedagogical, safeguarding, and copyright review before import.",low,in_review,,
one_base_family,D4_MOR_BASE_WORDS_IDENTIFY_BASE,one_en_gb,the number 1,"{""relation_type"":""free_base"",""origin_language"":""Modern English"",""origin_form"":""one"",""literal_meaning"":""the number 1"",""child_facing_meaning"":""the number 1"",""semantic_connection"":""The visible English base one is recorded in this family’s reviewed word sums; a human reviewer must confirm every member remains semantically appropriate."",""evidence"":{""source_name"":""Online Etymology Dictionary"",""source_url"":""https://www.etymonline.com/search?q=one"",""verification_status"":""linked_for_human_review""}}",ai_assisted_draft,OpenAI ChatGPT draft for human review,docs/implementation/seed-data/teaching-dictionary/candidates/2026-06-29-phase-5-source-intake/csv/canonical_word_metadata.csv,,"AI-assisted draft derived from the supplied approved canonical morphology metadata and approved D4 sources where applicable; requires linguistic, pedagogical, safeguarding, and copyright review before import.",low,in_review,,
person_base_family,D4_MOR_BASE_WORDS_IDENTIFY_BASE,person_en_gb,a human being,"{""relation_type"":""free_base"",""origin_language"":""Modern English"",""origin_form"":""person"",""literal_meaning"":""a human being"",""child_facing_meaning"":""a human being"",""semantic_connection"":""The visible English base person is recorded in this family’s reviewed word sums; a human reviewer must confirm every member remains semantically appropriate."",""evidence"":{""source_name"":""Online Etymology Dictionary"",""source_url"":""https://www.etymonline.com/search?q=person"",""verification_status"":""linked_for_human_review""}}",ai_assisted_draft,OpenAI ChatGPT draft for human review,docs/implementation/seed-data/teaching-dictionary/candidates/2026-06-29-phase-5-source-intake/csv/canonical_word_metadata.csv,,"AI-assisted draft derived from the supplied approved canonical morphology metadata and approved D4 sources where applicable; requires linguistic, pedagogical, safeguarding, and copyright review before import.",low,in_review,,
photo_base_family,D4_MOR_BASE_WORDS_IDENTIFY_BASE,photo_en_gb,a picture taken with a camera,"{""relation_type"":""classical_root"",""origin_language"":""Greek"",""origin_form"":""phōs / phōtos"",""literal_meaning"":""light"",""child_facing_meaning"":""light"",""semantic_connection"":""The Greek-derived root photo means light and is recorded as a root route, not as a modern English prefix lesson."",""evidence"":{""source_name"":""Online Etymology Dictionary"",""source_url"":""https://www.etymonline.com/search?q=photo"",""verification_status"":""linked_for_human_review""}}",ai_assisted_draft,OpenAI ChatGPT draft for human review,docs/implementation/seed-data/teaching-dictionary/candidates/2026-06-29-phase-5-source-intake/csv/canonical_word_metadata.csv,,"AI-assisted draft derived from the supplied approved canonical morphology metadata and approved D4 sources where applicable; requires linguistic, pedagogical, safeguarding, and copyright review before import.",low,in_review,,
plan_base_family,D4_MOR_BASE_WORDS_IDENTIFY_BASE,plan_en_gb,an idea for what to do,"{""relation_type"":""free_base"",""origin_language"":""Modern English"",""origin_form"":""plan"",""literal_meaning"":""an idea for what to do"",""child_facing_meaning"":""an idea for what to do"",""semantic_connection"":""The visible English base plan is recorded in this family’s reviewed word sums; a human reviewer must confirm every member remains semantically appropriate."",""evidence"":{""source_name"":""Online Etymology Dictionary"",""source_url"":""https://www.etymonline.com/search?q=plan"",""verification_status"":""linked_for_human_review""}}",ai_assisted_draft,OpenAI ChatGPT draft for human review,docs/implementation/seed-data/teaching-dictionary/candidates/2026-06-29-phase-5-source-intake/csv/canonical_word_metadata.csv,,"AI-assisted draft derived from the supplied approved canonical morphology metadata and approved D4 sources where applicable; requires linguistic, pedagogical, safeguarding, and copyright review before import.",low,in_review,,
play_base_family,D4_MOR_BASE_WORDS_IDENTIFY_BASE,play_en_gb,to take part in a game or have fun,"{""relation_type"":""free_base"",""origin_language"":""Modern English"",""origin_form"":""play"",""literal_meaning"":""to take part in a game or have fun"",""child_facing_meaning"":""to take part in a game or have fun"",""semantic_connection"":""The visible English base play is recorded in this family’s reviewed word sums; a human reviewer must confirm every member remains semantically appropriate."",""evidence"":{""source_name"":""Online Etymology Dictionary"",""source_url"":""https://www.etymonline.com/search?q=play"",""verification_status"":""linked_for_human_review""}}",ai_assisted_draft,OpenAI ChatGPT draft for human review,data/adle/approved/d4-mor/v1/d4-mor-v1-word-analyses.json,,"AI-assisted draft derived from the supplied approved D4 sources where applicable and requires linguistic, pedagogical, safeguarding, and copyright review before import.",medium,in_review,,
port_base_family,D4_MOR_BASE_WORDS_IDENTIFY_BASE,port_en_gb,to carry,"{""relation_type"":""etymological_root"",""origin_language"":""Latin"",""origin_form"":""portare"",""literal_meaning"":""to carry"",""child_facing_meaning"":""to carry"",""semantic_connection"":""The transport-family link follows the Latin carry route. Do not teach the harbour meaning of English port as the explanation for transport."",""evidence"":{""source_name"":""Online Etymology Dictionary"",""source_url"":""https://www.etymonline.com/search?q=port"",""verification_status"":""linked_for_human_review""}}",ai_assisted_draft,OpenAI ChatGPT draft for human review,docs/implementation/seed-data/teaching-dictionary/candidates/2026-06-29-phase-5-source-intake/csv/canonical_word_metadata.csv,,"AI-assisted draft derived from the supplied approved canonical morphology metadata and approved D4 sources where applicable; requires linguistic, pedagogical, safeguarding, and copyright review before import.",low,in_review,,
possible_base_family,D4_MOR_BASE_WORDS_IDENTIFY_BASE,possible_en_gb,able to be done,"{""relation_type"":""free_base"",""origin_language"":""Modern English"",""origin_form"":""possible"",""literal_meaning"":""able to be done"",""child_facing_meaning"":""able to be done"",""semantic_connection"":""The visible English base possible is recorded in this family’s reviewed word sums; a human reviewer must confirm every member remains semantically appropriate."",""evidence"":{""source_name"":""Online Etymology Dictionary"",""source_url"":""https://www.etymonline.com/search?q=possible"",""verification_status"":""linked_for_human_review""}}",ai_assisted_draft,OpenAI ChatGPT draft for human review,docs/implementation/seed-data/teaching-dictionary/candidates/2026-06-29-phase-5-source-intake/csv/canonical_word_metadata.csv,,"AI-assisted draft derived from the supplied approved canonical morphology metadata and approved D4 sources where applicable; requires linguistic, pedagogical, safeguarding, and copyright review before import.",low,in_review,,
quick_base_family,D4_MOR_BASE_WORDS_IDENTIFY_BASE,quick_en_gb,fast,"{""relation_type"":""free_base"",""origin_language"":""Modern English"",""origin_form"":""quick"",""literal_meaning"":""fast"",""child_facing_meaning"":""fast"",""semantic_connection"":""The visible English base quick is recorded in this family’s reviewed word sums; a human reviewer must confirm every member remains semantically appropriate."",""evidence"":{""source_name"":""Online Etymology Dictionary"",""source_url"":""https://www.etymonline.com/search?q=quick"",""verification_status"":""linked_for_human_review""}}",ai_assisted_draft,OpenAI ChatGPT draft for human review,docs/implementation/seed-data/teaching-dictionary/candidates/2026-06-29-phase-5-source-intake/csv/canonical_word_metadata.csv,,"AI-assisted draft derived from the supplied approved canonical morphology metadata and approved D4 sources where applicable; requires linguistic, pedagogical, safeguarding, and copyright review before import.",low,in_review,,
read_base_family,D4_MOR_BASE_WORDS_IDENTIFY_BASE,read_en_gb,to understand written words,"{""relation_type"":""free_base"",""origin_language"":""Modern English"",""origin_form"":""read"",""literal_meaning"":""to understand written words"",""child_facing_meaning"":""to understand written words"",""semantic_connection"":""The visible English base read is recorded in this family’s reviewed word sums; a human reviewer must confirm every member remains semantically appropriate."",""evidence"":{""source_name"":""Online Etymology Dictionary"",""source_url"":""https://www.etymonline.com/search?q=read"",""verification_status"":""linked_for_human_review""}}",ai_assisted_draft,OpenAI ChatGPT draft for human review,docs/implementation/seed-data/teaching-dictionary/candidates/2026-06-29-phase-5-source-intake/csv/canonical_word_metadata.csv,,"AI-assisted draft derived from the supplied approved canonical morphology metadata and approved D4 sources where applicable; requires linguistic, pedagogical, safeguarding, and copyright review before import.",low,in_review,,
run_base_family,D4_MOR_BASE_WORDS_IDENTIFY_BASE,run_en_gb,to move quickly on your feet,"{""relation_type"":""free_base"",""origin_language"":""Modern English"",""origin_form"":""run"",""literal_meaning"":""to move quickly on your feet"",""child_facing_meaning"":""to move quickly on your feet"",""semantic_connection"":""The visible English base run is recorded in this family’s reviewed word sums; a human reviewer must confirm every member remains semantically appropriate."",""evidence"":{""source_name"":""Online Etymology Dictionary"",""source_url"":""https://www.etymonline.com/search?q=run"",""verification_status"":""linked_for_human_review""}}",ai_assisted_draft,OpenAI ChatGPT draft for human review,docs/implementation/seed-data/teaching-dictionary/candidates/2026-06-29-phase-5-source-intake/csv/canonical_word_metadata.csv,,"AI-assisted draft derived from the supplied approved canonical morphology metadata and approved D4 sources where applicable; requires linguistic, pedagogical, safeguarding, and copyright review before import.",low,in_review,,
sad_base_family,D4_MOR_BASE_WORDS_IDENTIFY_BASE,sad_en_gb,unhappy,"{""relation_type"":""free_base"",""origin_language"":""Modern English"",""origin_form"":""sad"",""literal_meaning"":""unhappy"",""child_facing_meaning"":""unhappy"",""semantic_connection"":""The visible English base sad is recorded in this family’s reviewed word sums; a human reviewer must confirm every member remains semantically appropriate."",""evidence"":{""source_name"":""Online Etymology Dictionary"",""source_url"":""https://www.etymonline.com/search?q=sad"",""verification_status"":""linked_for_human_review""}}",ai_assisted_draft,OpenAI ChatGPT draft for human review,docs/implementation/seed-data/teaching-dictionary/candidates/2026-06-29-phase-5-source-intake/csv/canonical_word_metadata.csv,,"AI-assisted draft derived from the supplied approved canonical morphology metadata and approved D4 sources where applicable; requires linguistic, pedagogical, safeguarding, and copyright review before import.",low,in_review,,
sign_base_family,D4_MOR_BASE_WORDS_IDENTIFY_BASE,sign_en_gb,a mark with a meaning,"{""relation_type"":""free_base"",""origin_language"":""Modern English"",""origin_form"":""sign"",""literal_meaning"":""a mark with a meaning"",""child_facing_meaning"":""a mark with a meaning"",""semantic_connection"":""The visible English base sign is recorded in this family’s reviewed word sums; a human reviewer must confirm every member remains semantically appropriate."",""evidence"":{""source_name"":""Online Etymology Dictionary"",""source_url"":""https://www.etymonline.com/search?q=sign"",""verification_status"":""linked_for_human_review""}}",ai_assisted_draft,OpenAI ChatGPT draft for human review,docs/implementation/seed-data/teaching-dictionary/candidates/2026-06-29-phase-5-source-intake/csv/canonical_word_metadata.csv,,"AI-assisted draft derived from the supplied approved canonical morphology metadata and approved D4 sources where applicable; requires linguistic, pedagogical, safeguarding, and copyright review before import.",low,in_review,,
sit_base_family,D4_MOR_BASE_WORDS_IDENTIFY_BASE,sit_en_gb,to rest on a chair or the ground,"{""relation_type"":""free_base"",""origin_language"":""Modern English"",""origin_form"":""sit"",""literal_meaning"":""to rest on a chair or the ground"",""child_facing_meaning"":""to rest on a chair or the ground"",""semantic_connection"":""The visible English base sit is recorded in this family’s reviewed word sums; a human reviewer must confirm every member remains semantically appropriate."",""evidence"":{""source_name"":""Online Etymology Dictionary"",""source_url"":""https://www.etymonline.com/search?q=sit"",""verification_status"":""linked_for_human_review""}}",ai_assisted_draft,OpenAI ChatGPT draft for human review,docs/implementation/seed-data/teaching-dictionary/candidates/2026-06-29-phase-5-source-intake/csv/canonical_word_metadata.csv,,"AI-assisted draft derived from the supplied approved canonical morphology metadata and approved D4 sources where applicable; requires linguistic, pedagogical, safeguarding, and copyright review before import.",low,in_review,,
small_base_family,D4_MOR_BASE_WORDS_IDENTIFY_BASE,small_smaller_smallest_en_gb,little,"{""relation_type"":""free_base"",""origin_language"":""Modern English"",""origin_form"":""small_smaller_smallest"",""literal_meaning"":""little"",""child_facing_meaning"":""little"",""semantic_connection"":""The visible English base small_smaller_smallest is recorded in this family’s reviewed word sums; a human reviewer must confirm every member remains semantically appropriate."",""evidence"":{""source_name"":""Online Etymology Dictionary"",""source_url"":""https://www.etymonline.com/search?q=small_smaller_smallest"",""verification_status"":""linked_for_human_review""}}",ai_assisted_draft,OpenAI ChatGPT draft for human review,docs/implementation/seed-data/teaching-dictionary/candidates/2026-06-29-phase-5-source-intake/csv/canonical_word_metadata.csv,,"AI-assisted draft derived from the supplied approved canonical morphology metadata and approved D4 sources where applicable; requires linguistic, pedagogical, safeguarding, and copyright review before import.",low,in_review,,
smile_base_family,D4_MOR_BASE_WORDS_IDENTIFY_BASE,smile_en_gb,to make a happy face,"{""relation_type"":""free_base"",""origin_language"":""Modern English"",""origin_form"":""smile"",""literal_meaning"":""to make a happy face"",""child_facing_meaning"":""to make a happy face"",""semantic_connection"":""The visible English base smile is recorded in this family’s reviewed word sums; a human reviewer must confirm every member remains semantically appropriate."",""evidence"":{""source_name"":""Online Etymology Dictionary"",""source_url"":""https://www.etymonline.com/search?q=smile"",""verification_status"":""linked_for_human_review""}}",ai_assisted_draft,OpenAI ChatGPT draft for human review,docs/implementation/seed-data/teaching-dictionary/candidates/2026-06-29-phase-5-source-intake/csv/canonical_word_metadata.csv,,"AI-assisted draft derived from the supplied approved canonical morphology metadata and approved D4 sources where applicable; requires linguistic, pedagogical, safeguarding, and copyright review before import.",low,in_review,,
stop_base_family,D4_MOR_BASE_WORDS_IDENTIFY_BASE,stop_en_gb,to finish moving or doing something,"{""relation_type"":""free_base"",""origin_language"":""Modern English"",""origin_form"":""stop"",""literal_meaning"":""to finish moving or doing something"",""child_facing_meaning"":""to finish moving or doing something"",""semantic_connection"":""The visible English base stop is recorded in this family’s reviewed word sums; a human reviewer must confirm every member remains semantically appropriate."",""evidence"":{""source_name"":""Online Etymology Dictionary"",""source_url"":""https://www.etymonline.com/search?q=stop"",""verification_status"":""linked_for_human_review""}}",ai_assisted_draft,OpenAI ChatGPT draft for human review,docs/implementation/seed-data/teaching-dictionary/candidates/2026-06-29-phase-5-source-intake/csv/canonical_word_metadata.csv,,"AI-assisted draft derived from the supplied approved canonical morphology metadata and approved D4 sources where applicable; requires linguistic, pedagogical, safeguarding, and copyright review before import.",low,in_review,,
story_base_family,D4_MOR_BASE_WORDS_IDENTIFY_BASE,story_en_gb,"an account of events, real or made up","{""relation_type"":""free_base"",""origin_language"":""Modern English"",""origin_form"":""story"",""literal_meaning"":""an account of events, real or made up"",""child_facing_meaning"":""an account of events, real or made up"",""semantic_connection"":""The visible English base story is recorded in this family’s reviewed word sums; a human reviewer must confirm every member remains semantically appropriate."",""evidence"":{""source_name"":""Online Etymology Dictionary"",""source_url"":""https://www.etymonline.com/search?q=story"",""verification_status"":""linked_for_human_review""}}",ai_assisted_draft,OpenAI ChatGPT draft for human review,docs/implementation/seed-data/teaching-dictionary/candidates/2026-06-29-phase-5-source-intake/csv/canonical_word_metadata.csv,,"AI-assisted draft derived from the supplied approved canonical morphology metadata and approved D4 sources where applicable; requires linguistic, pedagogical, safeguarding, and copyright review before import.",low,in_review,,
sun_base_family,D4_MOR_BASE_WORDS_IDENTIFY_BASE,sun_en_gb,the star that gives Earth light and heat,"{""relation_type"":""free_base"",""origin_language"":""Modern English"",""origin_form"":""sun"",""literal_meaning"":""the star that gives Earth light and heat"",""child_facing_meaning"":""the star that gives Earth light and heat"",""semantic_connection"":""The visible English base sun is recorded in this family’s reviewed word sums; a human reviewer must confirm every member remains semantically appropriate."",""evidence"":{""source_name"":""Online Etymology Dictionary"",""source_url"":""https://www.etymonline.com/search?q=sun"",""verification_status"":""linked_for_human_review""}}",ai_assisted_draft,OpenAI ChatGPT draft for human review,docs/implementation/seed-data/teaching-dictionary/candidates/2026-06-29-phase-5-source-intake/csv/canonical_word_metadata.csv,,"AI-assisted draft derived from the supplied approved canonical morphology metadata and approved D4 sources where applicable; requires linguistic, pedagogical, safeguarding, and copyright review before import.",low,in_review,,
swim_base_family,D4_MOR_BASE_WORDS_IDENTIFY_BASE,swim_en_gb,to move through water,"{""relation_type"":""free_base"",""origin_language"":""Modern English"",""origin_form"":""swim"",""literal_meaning"":""to move through water"",""child_facing_meaning"":""to move through water"",""semantic_connection"":""The visible English base swim is recorded in this family’s reviewed word sums; a human reviewer must confirm every member remains semantically appropriate."",""evidence"":{""source_name"":""Online Etymology Dictionary"",""source_url"":""https://www.etymonline.com/search?q=swim"",""verification_status"":""linked_for_human_review""}}",ai_assisted_draft,OpenAI ChatGPT draft for human review,docs/implementation/seed-data/teaching-dictionary/candidates/2026-06-29-phase-5-source-intake/csv/canonical_word_metadata.csv,,"AI-assisted draft derived from the supplied approved canonical morphology metadata and approved D4 sources where applicable; requires linguistic, pedagogical, safeguarding, and copyright review before import.",low,in_review,,
take_base_family,D4_MOR_BASE_WORDS_IDENTIFY_BASE,take_en_gb,to get or carry something,"{""relation_type"":""free_base"",""origin_language"":""Modern English"",""origin_form"":""take"",""literal_meaning"":""to get or carry something"",""child_facing_meaning"":""to get or carry something"",""semantic_connection"":""The visible English base take is recorded in this family’s reviewed word sums; a human reviewer must confirm every member remains semantically appropriate."",""evidence"":{""source_name"":""Online Etymology Dictionary"",""source_url"":""https://www.etymonline.com/search?q=take"",""verification_status"":""linked_for_human_review""}}",ai_assisted_draft,OpenAI ChatGPT draft for human review,docs/implementation/seed-data/teaching-dictionary/candidates/2026-06-29-phase-5-source-intake/csv/canonical_word_metadata.csv,,"AI-assisted draft derived from the supplied approved canonical morphology metadata and approved D4 sources where applicable; requires linguistic, pedagogical, safeguarding, and copyright review before import.",low,in_review,,
tall_base_family,D4_MOR_BASE_WORDS_IDENTIFY_BASE,tall_en_gb,having a great height,"{""relation_type"":""free_base"",""origin_language"":""Modern English"",""origin_form"":""tall"",""literal_meaning"":""having a great height"",""child_facing_meaning"":""having a great height"",""semantic_connection"":""The visible English base tall is recorded in this family’s reviewed word sums; a human reviewer must confirm every member remains semantically appropriate."",""evidence"":{""source_name"":""Online Etymology Dictionary"",""source_url"":""https://www.etymonline.com/search?q=tall"",""verification_status"":""linked_for_human_review""}}",ai_assisted_draft,OpenAI ChatGPT draft for human review,docs/implementation/seed-data/teaching-dictionary/candidates/2026-06-29-phase-5-source-intake/csv/canonical_word_metadata.csv,,"AI-assisted draft derived from the supplied approved canonical morphology metadata and approved D4 sources where applicable; requires linguistic, pedagogical, safeguarding, and copyright review before import.",low,in_review,,
thank_base_family,D4_MOR_BASE_WORDS_IDENTIFY_BASE,thank_en_gb,to show that you are grateful,"{""relation_type"":""free_base"",""origin_language"":""Modern English"",""origin_form"":""thank"",""literal_meaning"":""to show that you are grateful"",""child_facing_meaning"":""to show that you are grateful"",""semantic_connection"":""The visible English base thank is recorded in this family’s reviewed word sums; a human reviewer must confirm every member remains semantically appropriate."",""evidence"":{""source_name"":""Online Etymology Dictionary"",""source_url"":""https://www.etymonline.com/search?q=thank"",""verification_status"":""linked_for_human_review""}}",ai_assisted_draft,OpenAI ChatGPT draft for human review,docs/implementation/seed-data/teaching-dictionary/candidates/2026-06-29-phase-5-source-intake/csv/canonical_word_metadata.csv,,"AI-assisted draft derived from the supplied approved canonical morphology metadata and approved D4 sources where applicable; requires linguistic, pedagogical, safeguarding, and copyright review before import.",low,in_review,,
tie_base_family,D4_MOR_BASE_WORDS_IDENTIFY_BASE,tie_en_gb,to fasten with a knot,"{""relation_type"":""free_base"",""origin_language"":""Modern English"",""origin_form"":""tie"",""literal_meaning"":""to fasten with a knot"",""child_facing_meaning"":""to fasten with a knot"",""semantic_connection"":""The visible English base tie is recorded in this family’s reviewed word sums; a human reviewer must confirm every member remains semantically appropriate."",""evidence"":{""source_name"":""Online Etymology Dictionary"",""source_url"":""https://www.etymonline.com/search?q=tie"",""verification_status"":""linked_for_human_review""}}",ai_assisted_draft,OpenAI ChatGPT draft for human review,docs/implementation/seed-data/teaching-dictionary/candidates/2026-06-29-phase-5-source-intake/csv/canonical_word_metadata.csv,,"AI-assisted draft derived from the supplied approved canonical morphology metadata and approved D4 sources where applicable; requires linguistic, pedagogical, safeguarding, and copyright review before import.",low,in_review,,
try_base_family,D4_MOR_BASE_WORDS_IDENTIFY_BASE,try_en_gb,to make an effort,"{""relation_type"":""free_base"",""origin_language"":""Modern English"",""origin_form"":""try"",""literal_meaning"":""to make an effort"",""child_facing_meaning"":""to make an effort"",""semantic_connection"":""The visible English base try is recorded in this family’s reviewed word sums; a human reviewer must confirm every member remains semantically appropriate."",""evidence"":{""source_name"":""Online Etymology Dictionary"",""source_url"":""https://www.etymonline.com/search?q=try"",""verification_status"":""linked_for_human_review""}}",ai_assisted_draft,OpenAI ChatGPT draft for human review,docs/implementation/seed-data/teaching-dictionary/candidates/2026-06-29-phase-5-source-intake/csv/canonical_word_metadata.csv,,"AI-assisted draft derived from the supplied approved canonical morphology metadata and approved D4 sources where applicable; requires linguistic, pedagogical, safeguarding, and copyright review before import.",low,in_review,,
use_base_family,D4_MOR_BASE_WORDS_IDENTIFY_BASE,use_en_gb,to do something with a thing,"{""relation_type"":""free_base"",""origin_language"":""Modern English"",""origin_form"":""use"",""literal_meaning"":""to do something with a thing"",""child_facing_meaning"":""to do something with a thing"",""semantic_connection"":""The visible English base use is recorded in this family’s reviewed word sums; a human reviewer must confirm every member remains semantically appropriate."",""evidence"":{""source_name"":""Online Etymology Dictionary"",""source_url"":""https://www.etymonline.com/search?q=use"",""verification_status"":""linked_for_human_review""}}",ai_assisted_draft,OpenAI ChatGPT draft for human review,docs/implementation/seed-data/teaching-dictionary/candidates/2026-06-29-phase-5-source-intake/csv/canonical_word_metadata.csv,,"AI-assisted draft derived from the supplied approved canonical morphology metadata and approved D4 sources where applicable; requires linguistic, pedagogical, safeguarding, and copyright review before import.",low,in_review,,
vie_base_family,D4_MOR_BASE_WORDS_IDENTIFY_BASE,vie_en_gb,to compete for something,"{""relation_type"":""free_base"",""origin_language"":""Modern English"",""origin_form"":""vie"",""literal_meaning"":""to compete for something"",""child_facing_meaning"":""to compete for something"",""semantic_connection"":""The visible English base vie is recorded in this family’s reviewed word sums; a human reviewer must confirm every member remains semantically appropriate."",""evidence"":{""source_name"":""Online Etymology Dictionary"",""source_url"":""https://www.etymonline.com/search?q=vie"",""verification_status"":""linked_for_human_review""}}",ai_assisted_draft,OpenAI ChatGPT draft for human review,docs/implementation/seed-data/teaching-dictionary/candidates/2026-06-29-phase-5-source-intake/csv/canonical_word_metadata.csv,,"AI-assisted draft derived from the supplied approved canonical morphology metadata and approved D4 sources where applicable; requires linguistic, pedagogical, safeguarding, and copyright review before import.",low,in_review,,
walk_base_family,D4_MOR_BASE_WORDS_IDENTIFY_BASE,walk_en_gb,to move on foot,"{""relation_type"":""free_base"",""origin_language"":""Modern English"",""origin_form"":""walk"",""literal_meaning"":""to move on foot"",""child_facing_meaning"":""to move on foot"",""semantic_connection"":""The visible English base walk is recorded in this family’s reviewed word sums; a human reviewer must confirm every member remains semantically appropriate."",""evidence"":{""source_name"":""Online Etymology Dictionary"",""source_url"":""https://www.etymonline.com/search?q=walk"",""verification_status"":""linked_for_human_review""}}",ai_assisted_draft,OpenAI ChatGPT draft for human review,docs/implementation/seed-data/teaching-dictionary/candidates/2026-06-29-phase-5-source-intake/csv/canonical_word_metadata.csv,,"AI-assisted draft derived from the supplied approved canonical morphology metadata and approved D4 sources where applicable; requires linguistic, pedagogical, safeguarding, and copyright review before import.",low,in_review,,
want_base_family,D4_MOR_BASE_WORDS_IDENTIFY_BASE,want_en_gb,to wish for something,"{""relation_type"":""free_base"",""origin_language"":""Modern English"",""origin_form"":""want"",""literal_meaning"":""to wish for something"",""child_facing_meaning"":""to wish for something"",""semantic_connection"":""The visible English base want is recorded in this family’s reviewed word sums; a human reviewer must confirm every member remains semantically appropriate."",""evidence"":{""source_name"":""Online Etymology Dictionary"",""source_url"":""https://www.etymonline.com/search?q=want"",""verification_status"":""linked_for_human_review""}}",ai_assisted_draft,OpenAI ChatGPT draft for human review,docs/implementation/seed-data/teaching-dictionary/candidates/2026-06-29-phase-5-source-intake/csv/canonical_word_metadata.csv,,"AI-assisted draft derived from the supplied approved canonical morphology metadata and approved D4 sources where applicable; requires linguistic, pedagogical, safeguarding, and copyright review before import.",low,in_review,,
watch_base_family,D4_MOR_BASE_WORDS_IDENTIFY_BASE,watch_en_gb,to look at something carefully,"{""relation_type"":""free_base"",""origin_language"":""Modern English"",""origin_form"":""watch"",""literal_meaning"":""to look at something carefully"",""child_facing_meaning"":""to look at something carefully"",""semantic_connection"":""The visible English base watch is recorded in this family’s reviewed word sums; a human reviewer must confirm every member remains semantically appropriate."",""evidence"":{""source_name"":""Online Etymology Dictionary"",""source_url"":""https://www.etymonline.com/search?q=watch"",""verification_status"":""linked_for_human_review""}}",ai_assisted_draft,OpenAI ChatGPT draft for human review,docs/implementation/seed-data/teaching-dictionary/candidates/2026-06-29-phase-5-source-intake/csv/canonical_word_metadata.csv,,"AI-assisted draft derived from the supplied approved canonical morphology metadata and approved D4 sources where applicable; requires linguistic, pedagogical, safeguarding, and copyright review before import.",low,in_review,,
weigh_base_family,D4_MOR_BASE_WORDS_IDENTIFY_BASE,weigh_en_gb,to have a particular heaviness,"{""relation_type"":""free_base"",""origin_language"":""Modern English"",""origin_form"":""weigh"",""literal_meaning"":""to have a particular heaviness"",""child_facing_meaning"":""to have a particular heaviness"",""semantic_connection"":""The visible English base weigh is recorded in this family’s reviewed word sums; a human reviewer must confirm every member remains semantically appropriate."",""evidence"":{""source_name"":""Online Etymology Dictionary"",""source_url"":""https://www.etymonline.com/search?q=weigh"",""verification_status"":""linked_for_human_review""}}",ai_assisted_draft,OpenAI ChatGPT draft for human review,docs/implementation/seed-data/teaching-dictionary/candidates/2026-06-29-phase-5-source-intake/csv/canonical_word_metadata.csv,,"AI-assisted draft derived from the supplied approved canonical morphology metadata and approved D4 sources where applicable; requires linguistic, pedagogical, safeguarding, and copyright review before import.",low,in_review,,
wish_base_family,D4_MOR_BASE_WORDS_IDENTIFY_BASE,wish_en_gb,to hope for something,"{""relation_type"":""free_base"",""origin_language"":""Modern English"",""origin_form"":""wish"",""literal_meaning"":""to hope for something"",""child_facing_meaning"":""to hope for something"",""semantic_connection"":""The visible English base wish is recorded in this family’s reviewed word sums; a human reviewer must confirm every member remains semantically appropriate."",""evidence"":{""source_name"":""Online Etymology Dictionary"",""source_url"":""https://www.etymonline.com/search?q=wish"",""verification_status"":""linked_for_human_review""}}",ai_assisted_draft,OpenAI ChatGPT draft for human review,docs/implementation/seed-data/teaching-dictionary/candidates/2026-06-29-phase-5-source-intake/csv/canonical_word_metadata.csv,,"AI-assisted draft derived from the supplied approved canonical morphology metadata and approved D4 sources where applicable; requires linguistic, pedagogical, safeguarding, and copyright review before import.",low,in_review,,
wolf_base_family,D4_MOR_BASE_WORDS_IDENTIFY_BASE,wolf_en_gb,a wild animal like a large dog,"{""relation_type"":""free_base"",""origin_language"":""Modern English"",""origin_form"":""wolf"",""literal_meaning"":""a wild animal like a large dog"",""child_facing_meaning"":""a wild animal like a large dog"",""semantic_connection"":""The visible English base wolf is recorded in this family’s reviewed word sums; a human reviewer must confirm every member remains semantically appropriate."",""evidence"":{""source_name"":""Online Etymology Dictionary"",""source_url"":""https://www.etymonline.com/search?q=wolf"",""verification_status"":""linked_for_human_review""}}",ai_assisted_draft,OpenAI ChatGPT draft for human review,docs/implementation/seed-data/teaching-dictionary/candidates/2026-06-29-phase-5-source-intake/csv/canonical_word_metadata.csv,,"AI-assisted draft derived from the supplied approved canonical morphology metadata and approved D4 sources where applicable; requires linguistic, pedagogical, safeguarding, and copyright review before import.",low,in_review,,
word_base_family,D4_MOR_BASE_WORDS_IDENTIFY_BASE,word_en_gb,a unit of language with a meaning,"{""relation_type"":""free_base"",""origin_language"":""Modern English"",""origin_form"":""word"",""literal_meaning"":""a unit of language with a meaning"",""child_facing_meaning"":""a unit of language with a meaning"",""semantic_connection"":""The visible English base word is recorded in this family’s reviewed word sums; a human reviewer must confirm every member remains semantically appropriate."",""evidence"":{""source_name"":""Online Etymology Dictionary"",""source_url"":""https://www.etymonline.com/search?q=word"",""verification_status"":""linked_for_human_review""}}",ai_assisted_draft,OpenAI ChatGPT draft for human review,docs/implementation/seed-data/teaching-dictionary/candidates/2026-06-29-phase-5-source-intake/csv/canonical_word_metadata.csv,,"AI-assisted draft derived from the supplied approved canonical morphology metadata and approved D4 sources where applicable; requires linguistic, pedagogical, safeguarding, and copyright review before import.",low,in_review,,
work_base_family,D4_MOR_BASE_WORDS_IDENTIFY_BASE,work_en_gb,to do a job or task,"{""relation_type"":""free_base"",""origin_language"":""Modern English"",""origin_form"":""work"",""literal_meaning"":""to do a job or task"",""child_facing_meaning"":""to do a job or task"",""semantic_connection"":""The visible English base work is recorded in this family’s reviewed word sums; a human reviewer must confirm every member remains semantically appropriate."",""evidence"":{""source_name"":""Online Etymology Dictionary"",""source_url"":""https://www.etymonline.com/search?q=work"",""verification_status"":""linked_for_human_review""}}",ai_assisted_draft,OpenAI ChatGPT draft for human review,docs/implementation/seed-data/teaching-dictionary/candidates/2026-06-29-phase-5-source-intake/csv/canonical_word_metadata.csv,,"AI-assisted draft derived from the supplied approved canonical morphology metadata and approved D4 sources where applicable; requires linguistic, pedagogical, safeguarding, and copyright review before import.",low,in_review,,
write_base_family,D4_MOR_BASE_WORDS_IDENTIFY_BASE,write_en_gb,to make words with letters,"{""relation_type"":""free_base"",""origin_language"":""Modern English"",""origin_form"":""write"",""literal_meaning"":""to make words with letters"",""child_facing_meaning"":""to make words with letters"",""semantic_connection"":""The visible English base write is recorded in this family’s reviewed word sums; a human reviewer must confirm every member remains semantically appropriate."",""evidence"":{""source_name"":""Online Etymology Dictionary"",""source_url"":""https://www.etymonline.com/search?q=write"",""verification_status"":""linked_for_human_review""}}",ai_assisted_draft,OpenAI ChatGPT draft for human review,docs/implementation/seed-data/teaching-dictionary/candidates/2026-06-29-phase-5-source-intake/csv/canonical_word_metadata.csv,,"AI-assisted draft derived from the supplied approved canonical morphology metadata and approved D4 sources where applicable; requires linguistic, pedagogical, safeguarding, and copyright review before import.",low,in_review,,
